tb,alignment,phase,planet,operation,row,slot,nameKey,defId
ROTE,LS,1,Coruscant,6,3,1,General Skywalker,GENERALSKYWALKER
ROTE,LS,1,Coruscant,6,3,2,Jedi Knight Revan,JEDIKNIGHTREVAN
ROTE,LS,1,Coruscant,6,3,3,Rebel Officer Leia Organa,HOTHLEIA
ROTE,LS,1,Coruscant,6,3,4,Sana Starros,SANASTARROS
ROTE,LS,1,Coruscant,6,3,5,Raven's Claw,RAVENSCLAW
ROTE,LS,1,Coruscant,6,2,1,General Skywalker,GENERALSKYWALKER
ROTE,LS,1,Coruscant,6,2,2,Grand Master Yoda,GRANDMASTERYODA
ROTE,LS,1,Coruscant,6,2,3,Hermit Yoda,HERMITYODA
ROTE,LS,1,Coruscant,6,2,4,Amilyn Holdo,AMILYNHOLDO
ROTE,LS,1,Coruscant,6,2,5,Zaalbar,ZAALBAR
ROTE,LS,1,Coruscant,6,1,1,General Skywalker,GENERALSKYWALKER
ROTE,LS,1,Coruscant,6,1,2,C-3PO,C3POLEGENDARY
ROTE,LS,1,Coruscant,6,1,3,Ki-Adi-Mundi,KIADIMUNDI
ROTE,LS,1,Coruscant,6,1,4,Sabine Wren,SABINEWRENS3
ROTE,LS,1,Coruscant,6,1,5,Hermit Yoda,HERMITYODA
ROTE,LS,1,Coruscant,5,3,1,Jedi Knight Luke Skywalker,JEDIKNIGHTLUKE
ROTE,LS,1,Coruscant,5,3,2,The Mandalorian (Beskar Armor),THEMANDALORIANBESKARARMOR
ROTE,LS,1,Coruscant,5,3,3,General Kenobi,GENERALKENOBI
ROTE,LS,1,Coruscant,5,3,4,Threepio & Chewie,C3POCHEWBACCA
ROTE,LS,1,Coruscant,5,3,5,Phantom II,PHANTOM2
ROTE,LS,1,Coruscant,5,2,1,Jedi Knight Luke Skywalker,JEDIKNIGHTLUKE
ROTE,LS,1,Coruscant,5,2,2,Commander Luke Skywalker,COMMANDERLUKESKYWALKER
ROTE,LS,1,Coruscant,5,2,3,Hermit Yoda,HERMITYODA
ROTE,LS,1,Coruscant,5,2,4,Teebo,TEEBO
ROTE,LS,1,Coruscant,5,2,5,Kuiil,KUIIL
ROTE,LS,1,Coruscant,5,1,1,Jedi Knight Luke Skywalker,JEDIKNIGHTLUKE
ROTE,LS,1,Coruscant,5,1,2,BB-8,BB8
ROTE,LS,1,Coruscant,5,1,3,Han Solo,HANSOLO
ROTE,LS,1,Coruscant,5,1,4,Jolee Bindo,JOLEEBINDO
ROTE,LS,1,Coruscant,5,1,5,Logray,LOGRAY
ROTE,LS,1,Coruscant,4,3,1,General Skywalker,GENERALSKYWALKER
ROTE,LS,1,Coruscant,4,3,2,C-3PO,C3POLEGENDARY
ROTE,LS,1,Coruscant,4,3,3,Han Solo,HANSOLO
ROTE,LS,1,Coruscant,4,3,4,Hondo Ohnaka,HONDO
ROTE,LS,1,Coruscant,4,3,5,Anakin's Eta-2 Starfighter,JEDISTARFIGHTERANAKIN
ROTE,LS,1,Coruscant,4,2,1,General Skywalker,GENERALSKYWALKER
ROTE,LS,1,Coruscant,4,2,2,The Mandalorian (Beskar Armor),THEMANDALORIANBESKARARMOR
ROTE,LS,1,Coruscant,4,2,3,Logray,LOGRAY
ROTE,LS,1,Coruscant,4,2,4,Plo Koon's Jedi Starfighter,BLADEOFDORIN
ROTE,LS,1,Coruscant,4,2,5,Visas Marr,VISASMARR
ROTE,LS,1,Coruscant,4,1,1,Jedi Knight Luke Skywalker,JEDIKNIGHTLUKE
ROTE,LS,1,Coruscant,4,1,2,Jedi Knight Revan,JEDIKNIGHTREVAN
ROTE,LS,1,Coruscant,4,1,3,General Kenobi,GENERALKENOBI
ROTE,LS,1,Coruscant,4,1,4,Lobot,LOBOT
ROTE,LS,1,Coruscant,4,1,5,Han Solo,HANSOLO
ROTE,LS,1,Coruscant,3,3,1,Jedi Knight Luke Skywalker,JEDIKNIGHTLUKE
ROTE,LS,1,Coruscant,3,3,2,PadmÃ© Amidala,PADMEAMIDALA
ROTE,LS,1,Coruscant,3,3,3,C-3PO,C3POLEGENDARY
ROTE,LS,1,Coruscant,3,3,4,Sana Starros,SANASTARROS
ROTE,LS,1,Coruscant,3,3,5,The Armorer,ARMORER
ROTE,LS,1,Coruscant,3,2,1,Jedi Knight Luke Skywalker,JEDIKNIGHTLUKE
ROTE,LS,1,Coruscant,3,2,2,R2-D2,R2D2_LEGENDARY
ROTE,LS,1,Coruscant,3,2,3,BB-8,BB8
ROTE,LS,1,Coruscant,3,2,4,Umbaran Starfighter,UMBARANSTARFIGHTER
ROTE,LS,1,Coruscant,3,2,5,Ahsoka Tano (Fulcrum),FULCRUMAHSOKA
ROTE,LS,1,Coruscant,3,1,1,Jedi Knight Luke Skywalker,JEDIKNIGHTLUKE
ROTE,LS,1,Coruscant,3,1,2,Rey (Jedi Training),REYJEDITRAINING
ROTE,LS,1,Coruscant,3,1,3,Grand Master Yoda,GRANDMASTERYODA
ROTE,LS,1,Coruscant,3,1,4,Threepio & Chewie,C3POCHEWBACCA
ROTE,LS,1,Coruscant,3,1,5,Hermit Yoda,HERMITYODA
ROTE,LS,1,Coruscant,2,3,1,General Skywalker,GENERALSKYWALKER
ROTE,LS,1,Coruscant,2,3,2,The Mandalorian (Beskar Armor),THEMANDALORIANBESKARARMOR
ROTE,LS,1,Coruscant,2,3,3,Chewbacca,CHEWBACCALEGENDARY
ROTE,LS,1,Coruscant,2,3,4,Sana Starros,SANASTARROS
ROTE,LS,1,Coruscant,2,3,5,Home One,CAPITALMONCALAMARICRUISER
ROTE,LS,1,Coruscant,2,2,1,General Skywalker,GENERALSKYWALKER
ROTE,LS,1,Coruscant,2,2,2,BB-8,BB8
ROTE,LS,1,Coruscant,2,2,3,The Mandalorian (Beskar Armor),THEMANDALORIANBESKARARMOR
ROTE,LS,1,Coruscant,2,2,4,Jyn Erso,JYNERSO
ROTE,LS,1,Coruscant,2,2,5,Sana Starros,SANASTARROS
ROTE,LS,1,Coruscant,2,1,1,General Skywalker,GENERALSKYWALKER
ROTE,LS,1,Coruscant,2,1,2,BB-8,BB8
ROTE,LS,1,Coruscant,2,1,3,Chewbacca,CHEWBACCALEGENDARY
ROTE,LS,1,Coruscant,2,1,4,Resistance X-wing,XWINGRESISTANCE
ROTE,LS,1,Coruscant,2,1,5,Hermit Yoda,HERMITYODA
ROTE,LS,1,Coruscant,1,3,1,General Skywalker,GENERALSKYWALKER
ROTE,LS,1,Coruscant,1,3,2,R2-D2,R2D2_LEGENDARY
ROTE,LS,1,Coruscant,1,3,3,Jedi Knight Revan,JEDIKNIGHTREVAN
ROTE,LS,1,Coruscant,1,3,4,L3-37,L3_37
ROTE,LS,1,Coruscant,1,3,5,Phantom II,PHANTOM2
ROTE,LS,1,Coruscant,1,2,1,Jedi Knight Luke Skywalker,JEDIKNIGHTLUKE
ROTE,LS,1,Coruscant,1,2,2,BB-8,BB8
ROTE,LS,1,Coruscant,1,2,3,Commander Luke Skywalker,COMMANDERLUKESKYWALKER
ROTE,LS,1,Coruscant,1,2,4,"CC-2224 ""Cody""",CC2224
ROTE,LS,1,Coruscant,1,2,5,Barriss Offee,BARRISSOFFEE
ROTE,LS,1,Coruscant,1,1,1,General Skywalker,GENERALSKYWALKER
ROTE,LS,1,Coruscant,1,1,2,The Mandalorian (Beskar Armor),THEMANDALORIANBESKARARMOR
ROTE,LS,1,Coruscant,1,1,3,Rey (Jedi Training),REYJEDITRAINING
ROTE,LS,1,Coruscant,1,1,4,Greef Karga,GREEFKARGA
ROTE,LS,1,Coruscant,1,1,5,Hermit Yoda,HERMITYODA
ROTE,LS,2,Bracca,6,3,1,Rey,GLREY
ROTE,LS,2,Bracca,6,3,2,Ben Solo,BENSOLO
ROTE,LS,2,Bracca,6,3,3,Razor Crest,RAZORCREST
ROTE,LS,2,Bracca,6,3,4,PadmÃ© Amidala,PADMEAMIDALA
ROTE,LS,2,Bracca,6,3,5,Teebo,TEEBO
ROTE,LS,2,Bracca,6,2,1,Vandor Chewbacca,YOUNGCHEWBACCA
ROTE,LS,2,Bracca,6,2,2,Razor Crest,RAZORCREST
ROTE,LS,2,Bracca,6,2,3,Commander Ahsoka Tano,COMMANDERAHSOKA
ROTE,LS,2,Bracca,6,2,4,Grand Master Yoda,GRANDMASTERYODA
ROTE,LS,2,Bracca,6,2,5,C-3PO,C3POLEGENDARY
ROTE,LS,2,Bracca,6,1,1,"CT-7567 ""Rex""",CT7567
ROTE,LS,2,Bracca,6,1,2,Ben Solo,BENSOLO
ROTE,LS,2,Bracca,6,1,3,Razor Crest,RAZORCREST
ROTE,LS,2,Bracca,6,1,4,Commander Luke Skywalker,COMMANDERLUKESKYWALKER
ROTE,LS,2,Bracca,6,1,5,Raven's Claw,RAVENSCLAW
ROTE,LS,2,Bracca,5,3,1,Jedi Master Kenobi,JEDIMASTERKENOBI
ROTE,LS,2,Bracca,5,3,2,Razor Crest,RAZORCREST
ROTE,LS,2,Bracca,5,3,3,Ben Solo,BENSOLO
ROTE,LS,2,Bracca,5,3,4,Han's Millennium Falcon,MILLENNIUMFALCON
ROTE,LS,2,Bracca,5,3,5,Kanan Jarrus,KANANJARRUSS3
ROTE,LS,2,Bracca,5,2,1,Outrider,OUTRIDER
ROTE,LS,2,Bracca,5,2,2,Commander Ahsoka Tano,COMMANDERAHSOKA
ROTE,LS,2,Bracca,5,2,3,Razor Crest,RAZORCREST
ROTE,LS,2,Bracca,5,2,4,Chewbacca,CHEWBACCALEGENDARY
ROTE,LS,2,Bracca,5,2,5,Grand Master Yoda,GRANDMASTERYODA
ROTE,LS,2,Bracca,5,1,1,Bistan's U-wing,UWINGSCARIF
ROTE,LS,2,Bracca,5,1,2,Razor Crest,RAZORCREST
ROTE,LS,2,Bracca,5,1,3,Ben Solo,BENSOLO
ROTE,LS,2,Bracca,5,1,4,Rey (Jedi Training),REYJEDITRAINING
ROTE,LS,2,Bracca,5,1,5,Ezra Bridger,EZRABRIDGERS3
ROTE,LS,2,Bracca,4,3,1,Profundity,CAPITALPROFUNDITY
ROTE,LS,2,Bracca,4,3,2,Razor Crest,RAZORCREST
ROTE,LS,2,Bracca,4,3,3,Ben Solo,BENSOLO
ROTE,LS,2,Bracca,4,3,4,Veteran Smuggler Chewbacca,SMUGGLERCHEWBACCA
ROTE,LS,2,Bracca,4,3,5,Omega,BADBATCHOMEGA
ROTE,LS,2,Bracca,4,2,1,Greef Karga,GREEFKARGA
ROTE,LS,2,Bracca,4,2,2,Ben Solo,BENSOLO
ROTE,LS,2,Bracca,4,2,3,Commander Ahsoka Tano,COMMANDERAHSOKA
ROTE,LS,2,Bracca,4,2,4,Ghost,GHOST
ROTE,LS,2,Bracca,4,2,5,R2-D2,R2D2_LEGENDARY
ROTE,LS,2,Bracca,4,1,1,Threepio & Chewie,C3POCHEWBACCA
ROTE,LS,2,Bracca,4,1,2,Commander Ahsoka Tano,COMMANDERAHSOKA
ROTE,LS,2,Bracca,4,1,3,Razor Crest,RAZORCREST
ROTE,LS,2,Bracca,4,1,4,Bodhi Rook,BODHIROOK
ROTE,LS,2,Bracca,4,1,5,"CT-5555 ""Fives""",CT5555
ROTE,LS,2,Bracca,3,3,1,Jedi Master Kenobi,JEDIMASTERKENOBI
ROTE,LS,2,Bracca,3,3,2,Ben Solo,BENSOLO
ROTE,LS,2,Bracca,3,3,3,Rose Tico,ROSETICO
ROTE,LS,2,Bracca,3,3,4,Grand Master Yoda,GRANDMASTERYODA
ROTE,LS,2,Bracca,3,3,5,Enfys Nest,ENFYSNEST
ROTE,LS,2,Bracca,3,2,1,Greef Karga,GREEFKARGA
ROTE,LS,2,Bracca,3,2,2,Ben Solo,BENSOLO
ROTE,LS,2,Bracca,3,2,3,Kanan Jarrus,KANANJARRUSS3
ROTE,LS,2,Bracca,3,2,4,BB-8,BB8
ROTE,LS,2,Bracca,3,2,5,Rey (Jedi Training),REYJEDITRAINING
ROTE,LS,2,Bracca,3,1,1,Endurance,CAPITALJEDICRUISER
ROTE,LS,2,Bracca,3,1,2,Ben Solo,BENSOLO
ROTE,LS,2,Bracca,3,1,3,"CT-21-0408 ""Echo""",CT210408
ROTE,LS,2,Bracca,3,1,4,Grand Master Yoda,GRANDMASTERYODA
ROTE,LS,2,Bracca,3,1,5,Ebon Hawk,EBONHAWK
ROTE,LS,2,Bracca,2,3,1,Profundity,CAPITALPROFUNDITY
ROTE,LS,2,Bracca,2,3,2,Razor Crest,RAZORCREST
ROTE,LS,2,Bracca,2,3,3,ARC Trooper,ARCTROOPER501ST
ROTE,LS,2,Bracca,2,3,4,Jedi Knight Revan,JEDIKNIGHTREVAN
ROTE,LS,2,Bracca,2,3,5,BTL-B Y-wing Starfighter,YWINGCLONEWARS
ROTE,LS,2,Bracca,2,2,1,Aayla Secura,AAYLASECURA
ROTE,LS,2,Bracca,2,2,2,Ben Solo,BENSOLO
ROTE,LS,2,Bracca,2,2,3,Jedi Consular's Starfighter,JEDISTARFIGHTERCONSULAR
ROTE,LS,2,Bracca,2,2,4,BB-8,BB8
ROTE,LS,2,Bracca,2,2,5,C-3PO,C3POLEGENDARY
ROTE,LS,2,Bracca,2,1,1,Young Han Solo,YOUNGHAN
ROTE,LS,2,Bracca,2,1,2,Razor Crest,RAZORCREST
ROTE,LS,2,Bracca,2,1,3,Pao,PAO
ROTE,LS,2,Bracca,2,1,4,Chewbacca,CHEWBACCALEGENDARY
ROTE,LS,2,Bracca,2,1,5,Mon Mothma,MONMOTHMA
ROTE,LS,2,Bracca,1,3,1,Rey,GLREY
ROTE,LS,2,Bracca,1,3,2,Razor Crest,RAZORCREST
ROTE,LS,2,Bracca,1,3,3,BTL-B Y-wing Starfighter,YWINGCLONEWARS
ROTE,LS,2,Bracca,1,3,4,Juhani,JUHANI
ROTE,LS,2,Bracca,1,3,5,Outrider,OUTRIDER
ROTE,LS,2,Bracca,1,2,1,Admiral Raddus,ADMIRALRADDUS
ROTE,LS,2,Bracca,1,2,2,Commander Ahsoka Tano,COMMANDERAHSOKA
ROTE,LS,2,Bracca,1,2,3,Poe Dameron's X-wing,XWINGBLACKONE
ROTE,LS,2,Bracca,1,2,4,Clone Sergeant - Phase I,CLONESERGEANTPHASEI
ROTE,LS,2,Bracca,1,2,5,R2-D2,R2D2_LEGENDARY
ROTE,LS,2,Bracca,1,1,1,Boushh (Leia Organa),BOUSHH
ROTE,LS,2,Bracca,1,1,2,Razor Crest,RAZORCREST
ROTE,LS,2,Bracca,1,1,3,Wedge Antilles,WEDGEANTILLES
ROTE,LS,2,Bracca,1,1,4,L3-37,L3_37
ROTE,LS,2,Bracca,1,1,5,Ghost,GHOST
ROTE,LS,3,Kashyyyk,6,3,1,Jedi Master Luke Skywalker,GRANDMASTERLUKE
ROTE,LS,3,Kashyyyk,6,3,2,PadmÃ© Amidala,PADMEAMIDALA
ROTE,LS,3,Kashyyyk,6,3,3,Ben Solo,BENSOLO
ROTE,LS,3,Kashyyyk,6,3,4,Ewok Scout,EWOKSCOUT
ROTE,LS,3,Kashyyyk,6,3,5,Hoth Rebel Soldier,HOTHREBELSOLDIER
ROTE,LS,3,Kashyyyk,6,2,1,Rey,GLREY
ROTE,LS,3,Kashyyyk,6,2,2,Jedi Knight Revan,JEDIKNIGHTREVAN
ROTE,LS,3,Kashyyyk,6,2,3,Ben Solo,BENSOLO
ROTE,LS,3,Kashyyyk,6,2,4,Resistance Trooper,RESISTANCETROOPER
ROTE,LS,3,Kashyyyk,6,2,5,Han's Millennium Falcon,MILLENNIUMFALCON
ROTE,LS,3,Kashyyyk,6,1,1,Razor Crest,RAZORCREST
ROTE,LS,3,Kashyyyk,6,1,2,Commander Luke Skywalker,COMMANDERLUKESKYWALKER
ROTE,LS,3,Kashyyyk,6,1,3,Han's Millennium Falcon,MILLENNIUMFALCON
ROTE,LS,3,Kashyyyk,6,1,4,Negotiator,CAPITALNEGOTIATOR
ROTE,LS,3,Kashyyyk,6,1,5,Han Solo,HANSOLO
ROTE,LS,3,Kashyyyk,5,3,1,Jedi Master Luke Skywalker,GRANDMASTERLUKE
ROTE,LS,3,Kashyyyk,5,3,2,Grand Master Yoda,GRANDMASTERYODA
ROTE,LS,3,Kashyyyk,5,3,3,Ben Solo,BENSOLO
ROTE,LS,3,Kashyyyk,5,3,4,The Mandalorian (Beskar Armor),THEMANDALORIANBESKARARMOR
ROTE,LS,3,Kashyyyk,5,3,5,K-2SO,K2SO
ROTE,LS,3,Kashyyyk,5,2,1,Rey,GLREY
ROTE,LS,3,Kashyyyk,5,2,2,The Mandalorian (Beskar Armor),THEMANDALORIANBESKARARMOR
ROTE,LS,3,Kashyyyk,5,2,3,Commander Ahsoka Tano,COMMANDERAHSOKA
ROTE,LS,3,Kashyyyk,5,2,4,PadmÃ© Amidala,PADMEAMIDALA
ROTE,LS,3,Kashyyyk,5,2,5,Commander Luke Skywalker,COMMANDERLUKESKYWALKER
ROTE,LS,3,Kashyyyk,5,1,1,Ben Solo,BENSOLO
ROTE,LS,3,Kashyyyk,5,1,2,C-3PO,C3POLEGENDARY
ROTE,LS,3,Kashyyyk,5,1,3,Rey (Jedi Training),REYJEDITRAINING
ROTE,LS,3,Kashyyyk,5,1,4,The Mandalorian (Beskar Armor),THEMANDALORIANBESKARARMOR
ROTE,LS,3,Kashyyyk,5,1,5,Logray,LOGRAY
ROTE,LS,3,Kashyyyk,4,3,1,Rey,GLREY
ROTE,LS,3,Kashyyyk,4,3,2,Han's Millennium Falcon,MILLENNIUMFALCON
ROTE,LS,3,Kashyyyk,4,3,3,Razor Crest,RAZORCREST
ROTE,LS,3,Kashyyyk,4,3,4,Resistance Trooper,RESISTANCETROOPER
ROTE,LS,3,Kashyyyk,4,3,5,Hoth Rebel Scout,HOTHREBELSCOUT
ROTE,LS,3,Kashyyyk,4,2,1,Rey,GLREY
ROTE,LS,3,Kashyyyk,4,2,2,C-3PO,C3POLEGENDARY
ROTE,LS,3,Kashyyyk,4,2,3,Ben Solo,BENSOLO
ROTE,LS,3,Kashyyyk,4,2,4,Lando's Millennium Falcon,MILLENNIUMFALCONPRISTINE
ROTE,LS,3,Kashyyyk,4,2,5,The Mandalorian (Beskar Armor),THEMANDALORIANBESKARARMOR
ROTE,LS,3,Kashyyyk,4,1,1,Commander Ahsoka Tano,COMMANDERAHSOKA
ROTE,LS,3,Kashyyyk,4,1,2,BB-8,BB8
ROTE,LS,3,Kashyyyk,4,1,3,R2-D2,R2D2_LEGENDARY
ROTE,LS,3,Kashyyyk,4,1,4,"CT-5555 ""Fives""",CT5555
ROTE,LS,3,Kashyyyk,4,1,5,Logray,LOGRAY
ROTE,LS,3,Kashyyyk,3,3,1,Jedi Master Luke Skywalker,GRANDMASTERLUKE
ROTE,LS,3,Kashyyyk,3,3,2,R2-D2,R2D2_LEGENDARY
ROTE,LS,3,Kashyyyk,3,3,3,Rebel Officer Leia Organa,HOTHLEIA
ROTE,LS,3,Kashyyyk,3,3,4,Razor Crest,RAZORCREST
ROTE,LS,3,Kashyyyk,3,3,5,Skiff Guard (Lando Calrissian),UNDERCOVERLANDO
ROTE,LS,3,Kashyyyk,3,2,1,Jedi Master Luke Skywalker,GRANDMASTERLUKE
ROTE,LS,3,Kashyyyk,3,2,2,Han's Millennium Falcon,MILLENNIUMFALCON
ROTE,LS,3,Kashyyyk,3,2,3,Rebel Officer Leia Organa,HOTHLEIA
ROTE,LS,3,Kashyyyk,3,2,4,Ben Solo,BENSOLO
ROTE,LS,3,Kashyyyk,3,2,5,Grand Master Yoda,GRANDMASTERYODA
ROTE,LS,3,Kashyyyk,3,1,1,Commander Ahsoka Tano,COMMANDERAHSOKA
ROTE,LS,3,Kashyyyk,3,1,2,The Mandalorian (Beskar Armor),THEMANDALORIANBESKARARMOR
ROTE,LS,3,Kashyyyk,3,1,3,Ki-Adi-Mundi,KIADIMUNDI
ROTE,LS,3,Kashyyyk,3,1,4,Clone Sergeant - Phase I,CLONESERGEANTPHASEI
ROTE,LS,3,Kashyyyk,3,1,5,General Kenobi,GENERALKENOBI
ROTE,LS,3,Kashyyyk,2,3,1,Jedi Master Kenobi,JEDIMASTERKENOBI
ROTE,LS,3,Kashyyyk,2,3,2,BB-8,BB8
ROTE,LS,3,Kashyyyk,2,3,3,Logray,LOGRAY
ROTE,LS,3,Kashyyyk,2,3,4,Commander Ahsoka Tano,COMMANDERAHSOKA
ROTE,LS,3,Kashyyyk,2,3,5,Raven's Claw,RAVENSCLAW
ROTE,LS,3,Kashyyyk,2,2,1,Jedi Master Kenobi,JEDIMASTERKENOBI
ROTE,LS,3,Kashyyyk,2,2,2,Han's Millennium Falcon,MILLENNIUMFALCON
ROTE,LS,3,Kashyyyk,2,2,3,Ki-Adi-Mundi,KIADIMUNDI
ROTE,LS,3,Kashyyyk,2,2,4,Commander Ahsoka Tano,COMMANDERAHSOKA
ROTE,LS,3,Kashyyyk,2,2,5,Jedi Knight Revan,JEDIKNIGHTREVAN
ROTE,LS,3,Kashyyyk,2,1,1,Razor Crest,RAZORCREST
ROTE,LS,3,Kashyyyk,2,1,2,Commander Luke Skywalker,COMMANDERLUKESKYWALKER
ROTE,LS,3,Kashyyyk,2,1,3,Ki-Adi-Mundi,KIADIMUNDI
ROTE,LS,3,Kashyyyk,2,1,4,BB-8,BB8
ROTE,LS,3,Kashyyyk,2,1,5,Logray,LOGRAY
ROTE,LS,3,Kashyyyk,1,3,1,Rey,GLREY
ROTE,LS,3,Kashyyyk,1,3,2,R2-D2,R2D2_LEGENDARY
ROTE,LS,3,Kashyyyk,1,3,3,Hermit Yoda,HERMITYODA
ROTE,LS,3,Kashyyyk,1,3,4,Razor Crest,RAZORCREST
ROTE,LS,3,Kashyyyk,1,3,5,Jedi Knight Anakin,ANAKINKNIGHT
ROTE,LS,3,Kashyyyk,1,2,1,Jedi Master Luke Skywalker,GRANDMASTERLUKE
ROTE,LS,3,Kashyyyk,1,2,2,PadmÃ© Amidala,PADMEAMIDALA
ROTE,LS,3,Kashyyyk,1,2,3,Hermit Yoda,HERMITYODA
ROTE,LS,3,Kashyyyk,1,2,4,Razor Crest,RAZORCREST
ROTE,LS,3,Kashyyyk,1,2,5,C-3PO,C3POLEGENDARY
ROTE,LS,3,Kashyyyk,1,1,1,Commander Ahsoka Tano,COMMANDERAHSOKA
ROTE,LS,3,Kashyyyk,1,1,2,R2-D2,R2D2_LEGENDARY
ROTE,LS,3,Kashyyyk,1,1,3,Logray,LOGRAY
ROTE,LS,3,Kashyyyk,1,1,4,Mace Windu,MACEWINDU
ROTE,LS,3,Kashyyyk,1,1,5,Han Solo,HANSOLO
ROTE,LS,4,Lothal,6,3,1,Jedi Master Luke Skywalker,GRANDMASTERLUKE
ROTE,LS,4,Lothal,6,3,2,General Kenobi,GENERALKENOBI
ROTE,LS,4,Lothal,6,3,3,Wicket,WICKET
ROTE,LS,4,Lothal,6,3,4,50R-T,50RT
ROTE,LS,4,Lothal,6,3,5,Hondo Ohnaka,HONDO
ROTE,LS,4,Lothal,6,2,1,Jedi Master Luke Skywalker,GRANDMASTERLUKE
ROTE,LS,4,Lothal,6,2,2,Hermit Yoda,HERMITYODA
ROTE,LS,4,Lothal,6,2,3,Echo,BADBATCHECHO
ROTE,LS,4,Lothal,6,2,4,Aayla Secura,AAYLASECURA
ROTE,LS,4,Lothal,6,2,5,Ben Solo,BENSOLO
ROTE,LS,4,Lothal,6,1,1,Jedi Master Luke Skywalker,GRANDMASTERLUKE
ROTE,LS,4,Lothal,6,1,2,Rebel Officer Leia Organa,HOTHLEIA
ROTE,LS,4,Lothal,6,1,3,Wedge Antilles's X-wing,XWINGRED2
ROTE,LS,4,Lothal,6,1,4,Sana Starros,SANASTARROS
ROTE,LS,4,Lothal,6,1,5,PadmÃ© Amidala,PADMEAMIDALA
ROTE,LS,4,Lothal,5,3,1,Profundity,CAPITALPROFUNDITY
ROTE,LS,4,Lothal,5,3,2,Logray,LOGRAY
ROTE,LS,4,Lothal,5,3,3,Bistan,BISTAN
ROTE,LS,4,Lothal,5,3,4,Han's Millennium Falcon,MILLENNIUMFALCON
ROTE,LS,4,Lothal,5,3,5,Ghost,GHOST
ROTE,LS,4,Lothal,5,2,1,Jedi Master Kenobi,JEDIMASTERKENOBI
ROTE,LS,4,Lothal,5,2,2,Logray,LOGRAY
ROTE,LS,4,Lothal,5,2,3,Jedi Consular,JEDIKNIGHTCONSULAR
ROTE,LS,4,Lothal,5,2,4,Grand Master Yoda,GRANDMASTERYODA
ROTE,LS,4,Lothal,5,2,5,Razor Crest,RAZORCREST
ROTE,LS,4,Lothal,5,1,1,Jedi Master Kenobi,JEDIMASTERKENOBI
ROTE,LS,4,Lothal,5,1,2,Han Solo,HANSOLO
ROTE,LS,4,Lothal,5,1,3,Tech,BADBATCHTECH
ROTE,LS,4,Lothal,5,1,4,PadmÃ© Amidala,PADMEAMIDALA
ROTE,LS,4,Lothal,5,1,5,Jedi Knight Revan,JEDIKNIGHTREVAN
ROTE,LS,4,Lothal,4,3,1,Jedi Master Luke Skywalker,GRANDMASTERLUKE
ROTE,LS,4,Lothal,4,3,2,Rebel Officer Leia Organa,HOTHLEIA
ROTE,LS,4,Lothal,4,3,3,Outrider,OUTRIDER
ROTE,LS,4,Lothal,4,3,4,Scarif Rebel Pathfinder,SCARIFREBEL
ROTE,LS,4,Lothal,4,3,5,Eeth Koth,EETHKOTH
ROTE,LS,4,Lothal,4,2,1,Jedi Master Luke Skywalker,GRANDMASTERLUKE
ROTE,LS,4,Lothal,4,2,2,General Kenobi,GENERALKENOBI
ROTE,LS,4,Lothal,4,2,3,Scarif Rebel Pathfinder,SCARIFREBEL
ROTE,LS,4,Lothal,4,2,4,Jolee Bindo,JOLEEBINDO
ROTE,LS,4,Lothal,4,2,5,Commander Ahsoka Tano,COMMANDERAHSOKA
ROTE,LS,4,Lothal,4,1,1,Profundity,CAPITALPROFUNDITY
ROTE,LS,4,Lothal,4,1,2,Rebel Officer Leia Organa,HOTHLEIA
ROTE,LS,4,Lothal,4,1,3,Ghost,GHOST
ROTE,LS,4,Lothal,4,1,4,Kyle Katarn,KYLEKATARN
ROTE,LS,4,Lothal,4,1,5,Rey (Jedi Training),REYJEDITRAINING
ROTE,LS,4,Lothal,3,3,1,Profundity,CAPITALPROFUNDITY
ROTE,LS,4,Lothal,3,3,2,Hermit Yoda,HERMITYODA
ROTE,LS,4,Lothal,3,3,3,Ben Solo,BENSOLO
ROTE,LS,4,Lothal,3,3,4,Ebon Hawk,EBONHAWK
ROTE,LS,4,Lothal,3,3,5,Chief Nebit,CHIEFNEBIT
ROTE,LS,4,Lothal,3,2,1,Rey,GLREY
ROTE,LS,4,Lothal,3,2,2,Ki-Adi-Mundi,KIADIMUNDI
ROTE,LS,4,Lothal,3,2,3,Commander Ahsoka Tano,COMMANDERAHSOKA
ROTE,LS,4,Lothal,3,2,4,50R-T,50RT
ROTE,LS,4,Lothal,3,2,5,Raven's Claw,RAVENSCLAW
ROTE,LS,4,Lothal,3,1,1,Profundity,CAPITALPROFUNDITY
ROTE,LS,4,Lothal,3,1,2,Hermit Yoda,HERMITYODA
ROTE,LS,4,Lothal,3,1,3,Razor Crest,RAZORCREST
ROTE,LS,4,Lothal,3,1,4,Finn,FINN
ROTE,LS,4,Lothal,3,1,5,R2-D2,R2D2_LEGENDARY
ROTE,LS,4,Lothal,2,3,1,Jedi Master Luke Skywalker,GRANDMASTERLUKE
ROTE,LS,4,Lothal,2,3,2,General Kenobi,GENERALKENOBI
ROTE,LS,4,Lothal,2,3,3,Commander Ahsoka Tano,COMMANDERAHSOKA
ROTE,LS,4,Lothal,2,3,4,Chewbacca,CHEWBACCALEGENDARY
ROTE,LS,4,Lothal,2,3,5,Xanadu Blood,XANADUBLOOD
ROTE,LS,4,Lothal,2,2,1,Profundity,CAPITALPROFUNDITY
ROTE,LS,4,Lothal,2,2,2,Hermit Yoda,HERMITYODA
ROTE,LS,4,Lothal,2,2,3,Commander Ahsoka Tano,COMMANDERAHSOKA
ROTE,LS,4,Lothal,2,2,4,BB-8,BB8
ROTE,LS,4,Lothal,2,2,5,Zaalbar,ZAALBAR
ROTE,LS,4,Lothal,2,1,1,Profundity,CAPITALPROFUNDITY
ROTE,LS,4,Lothal,2,1,2,Ki-Adi-Mundi,KIADIMUNDI
ROTE,LS,4,Lothal,2,1,3,Commander Ahsoka Tano,COMMANDERAHSOKA
ROTE,LS,4,Lothal,2,1,4,The Mandalorian (Beskar Armor),THEMANDALORIANBESKARARMOR
ROTE,LS,4,Lothal,2,1,5,Chewbacca,CHEWBACCALEGENDARY
ROTE,LS,4,Lothal,1,3,1,Profundity,CAPITALPROFUNDITY
ROTE,LS,4,Lothal,1,3,2,Han Solo,HANSOLO
ROTE,LS,4,Lothal,1,3,3,Razor Crest,RAZORCREST
ROTE,LS,4,Lothal,1,3,4,Xanadu Blood,XANADUBLOOD
ROTE,LS,4,Lothal,1,3,5,Rebel Y-wing,YWINGREBEL
ROTE,LS,4,Lothal,1,2,1,Jedi Master Luke Skywalker,GRANDMASTERLUKE
ROTE,LS,4,Lothal,1,2,2,Rebel Officer Leia Organa,HOTHLEIA
ROTE,LS,4,Lothal,1,2,3,Razor Crest,RAZORCREST
ROTE,LS,4,Lothal,1,2,4,Zaalbar,ZAALBAR
ROTE,LS,4,Lothal,1,2,5,Dash Rendar,DASHRENDAR
ROTE,LS,4,Lothal,1,1,1,Jedi Master Luke Skywalker,GRANDMASTERLUKE
ROTE,LS,4,Lothal,1,1,2,Hermit Yoda,HERMITYODA
ROTE,LS,4,Lothal,1,1,3,Ben Solo,BENSOLO
ROTE,LS,4,Lothal,1,1,4,Veteran Smuggler Chewbacca,SMUGGLERCHEWBACCA
ROTE,LS,4,Lothal,1,1,5,Jedi Knight Revan,JEDIKNIGHTREVAN
ROTE,LS,5,Ring of Kafrene,6,3,1,Jedi Master Luke Skywalker,GRANDMASTERLUKE
ROTE,LS,5,Ring of Kafrene,6,3,2,Jedi Knight Luke Skywalker,JEDIKNIGHTLUKE
ROTE,LS,5,Ring of Kafrene,6,3,3,Umbaran Starfighter,UMBARANSTARFIGHTER
ROTE,LS,5,Ring of Kafrene,6,3,4,Rose Tico,ROSETICO
ROTE,LS,5,Ring of Kafrene,6,3,5,Commander Luke Skywalker,COMMANDERLUKESKYWALKER
ROTE,LS,5,Ring of Kafrene,6,2,1,Jedi Master Kenobi,JEDIMASTERKENOBI
ROTE,LS,5,Ring of Kafrene,6,2,2,General Skywalker,GENERALSKYWALKER
ROTE,LS,5,Ring of Kafrene,6,2,3,Lando Calrissian,ADMINISTRATORLANDO
ROTE,LS,5,Ring of Kafrene,6,2,4,Tech,BADBATCHTECH
ROTE,LS,5,Ring of Kafrene,6,2,5,Ghost,GHOST
ROTE,LS,5,Ring of Kafrene,6,1,1,Jedi Master Luke Skywalker,GRANDMASTERLUKE
ROTE,LS,5,Ring of Kafrene,6,1,2,Jedi Knight Luke Skywalker,JEDIKNIGHTLUKE
ROTE,LS,5,Ring of Kafrene,6,1,3,Omega,BADBATCHOMEGA
ROTE,LS,5,Ring of Kafrene,6,1,4,Ima-Gun Di,IMAGUNDI
ROTE,LS,5,Ring of Kafrene,6,1,5,Chirrut ÃŽmwe,CHIRRUTIMWE
ROTE,LS,5,Ring of Kafrene,5,3,1,Jedi Master Luke Skywalker,GRANDMASTERLUKE
ROTE,LS,5,Ring of Kafrene,5,3,2,Jedi Knight Luke Skywalker,JEDIKNIGHTLUKE
ROTE,LS,5,Ring of Kafrene,5,3,3,Hoth Rebel Soldier,HOTHREBELSOLDIER
ROTE,LS,5,Ring of Kafrene,5,3,4,Jedi Knight Revan,JEDIKNIGHTREVAN
ROTE,LS,5,Ring of Kafrene,5,3,5,Chewbacca,CHEWBACCALEGENDARY
ROTE,LS,5,Ring of Kafrene,5,2,1,Profundity,CAPITALPROFUNDITY
ROTE,LS,5,Ring of Kafrene,5,2,2,General Skywalker,GENERALSKYWALKER
ROTE,LS,5,Ring of Kafrene,5,2,3,Baze Malbus,BAZEMALBUS
ROTE,LS,5,Ring of Kafrene,5,2,4,R2-D2,R2D2_LEGENDARY
ROTE,LS,5,Ring of Kafrene,5,2,5,Bodhi Rook,BODHIROOK
ROTE,LS,5,Ring of Kafrene,5,1,1,Jedi Master Kenobi,JEDIMASTERKENOBI
ROTE,LS,5,Ring of Kafrene,5,1,2,Jedi Knight Luke Skywalker,JEDIKNIGHTLUKE
ROTE,LS,5,Ring of Kafrene,5,1,3,Veteran Smuggler Chewbacca,SMUGGLERCHEWBACCA
ROTE,LS,5,Ring of Kafrene,5,1,4,Grand Master Yoda,GRANDMASTERYODA
ROTE,LS,5,Ring of Kafrene,5,1,5,50R-T,50RT
ROTE,LS,5,Ring of Kafrene,4,3,1,Rey,GLREY
ROTE,LS,5,Ring of Kafrene,4,3,2,General Skywalker,GENERALSKYWALKER
ROTE,LS,5,Ring of Kafrene,4,3,3,Amilyn Holdo,AMILYNHOLDO
ROTE,LS,5,Ring of Kafrene,4,3,4,Resistance Trooper,RESISTANCETROOPER
ROTE,LS,5,Ring of Kafrene,4,3,5,C-3PO,C3POLEGENDARY
ROTE,LS,5,Ring of Kafrene,4,2,1,Jedi Master Kenobi,JEDIMASTERKENOBI
ROTE,LS,5,Ring of Kafrene,4,2,2,General Skywalker,GENERALSKYWALKER
ROTE,LS,5,Ring of Kafrene,4,2,3,Negotiator,CAPITALNEGOTIATOR
ROTE,LS,5,Ring of Kafrene,4,2,4,Chopper,CHOPPERS3
ROTE,LS,5,Ring of Kafrene,4,2,5,Clone Wars Chewbacca,CLONEWARSCHEWBACCA
ROTE,LS,5,Ring of Kafrene,4,1,1,Profundity,CAPITALPROFUNDITY
ROTE,LS,5,Ring of Kafrene,4,1,2,Jedi Knight Luke Skywalker,JEDIKNIGHTLUKE
ROTE,LS,5,Ring of Kafrene,4,1,3,Barriss Offee,BARRISSOFFEE
ROTE,LS,5,Ring of Kafrene,4,1,4,Mon Mothma,MONMOTHMA
ROTE,LS,5,Ring of Kafrene,4,1,5,Baze Malbus,BAZEMALBUS
ROTE,LS,5,Ring of Kafrene,3,3,1,Jedi Master Luke Skywalker,GRANDMASTERLUKE
ROTE,LS,5,Ring of Kafrene,3,3,2,R2-D2,R2D2_LEGENDARY
ROTE,LS,5,Ring of Kafrene,3,3,3,Jedi Knight Luke Skywalker,JEDIKNIGHTLUKE
ROTE,LS,5,Ring of Kafrene,3,3,4,Wedge Antilles's X-wing,XWINGRED2
ROTE,LS,5,Ring of Kafrene,3,3,5,Echo,BADBATCHECHO
ROTE,LS,5,Ring of Kafrene,3,2,1,Rey,GLREY
ROTE,LS,5,Ring of Kafrene,3,2,2,C-3PO,C3POLEGENDARY
ROTE,LS,5,Ring of Kafrene,3,2,3,General Skywalker,GENERALSKYWALKER
ROTE,LS,5,Ring of Kafrene,3,2,4,The Armorer,ARMORER
ROTE,LS,5,Ring of Kafrene,3,2,5,Tech,BADBATCHTECH
ROTE,LS,5,Ring of Kafrene,3,1,1,Jedi Master Kenobi,JEDIMASTERKENOBI
ROTE,LS,5,Ring of Kafrene,3,1,2,Jedi Knight Revan,JEDIKNIGHTREVAN
ROTE,LS,5,Ring of Kafrene,3,1,3,Jedi Knight Luke Skywalker,JEDIKNIGHTLUKE
ROTE,LS,5,Ring of Kafrene,3,1,4,Clone Sergeant's ARC-170,ARC170CLONESERGEANT
ROTE,LS,5,Ring of Kafrene,3,1,5,T3-M4,T3_M4
ROTE,LS,5,Ring of Kafrene,2,3,1,Jedi Master Kenobi,JEDIMASTERKENOBI
ROTE,LS,5,Ring of Kafrene,2,3,2,Grand Master Yoda,GRANDMASTERYODA
ROTE,LS,5,Ring of Kafrene,2,3,3,Jedi Knight Luke Skywalker,JEDIKNIGHTLUKE
ROTE,LS,5,Ring of Kafrene,2,3,4,Commander Luke Skywalker,COMMANDERLUKESKYWALKER
ROTE,LS,5,Ring of Kafrene,2,3,5,Eeth Koth,EETHKOTH
ROTE,LS,5,Ring of Kafrene,2,2,1,Rey,GLREY
ROTE,LS,5,Ring of Kafrene,2,2,2,Grand Master Yoda,GRANDMASTERYODA
ROTE,LS,5,Ring of Kafrene,2,2,3,General Skywalker,GENERALSKYWALKER
ROTE,LS,5,Ring of Kafrene,2,2,4,Han's Millennium Falcon,MILLENNIUMFALCON
ROTE,LS,5,Ring of Kafrene,2,2,5,"CT-7567 ""Rex""",CT7567
ROTE,LS,5,Ring of Kafrene,2,1,1,Rey,GLREY
ROTE,LS,5,Ring of Kafrene,2,1,2,PadmÃ© Amidala,PADMEAMIDALA
ROTE,LS,5,Ring of Kafrene,2,1,3,Jedi Knight Luke Skywalker,JEDIKNIGHTLUKE
ROTE,LS,5,Ring of Kafrene,2,1,4,Grand Master Yoda,GRANDMASTERYODA
ROTE,LS,5,Ring of Kafrene,2,1,5,Lobot,LOBOT
ROTE,LS,5,Ring of Kafrene,1,3,1,Jedi Master Kenobi,JEDIMASTERKENOBI
ROTE,LS,5,Ring of Kafrene,1,3,2,Jedi Knight Revan,JEDIKNIGHTREVAN
ROTE,LS,5,Ring of Kafrene,1,3,3,General Skywalker,GENERALSKYWALKER
ROTE,LS,5,Ring of Kafrene,1,3,4,Bastila Shan,BASTILASHAN
ROTE,LS,5,Ring of Kafrene,1,3,5,Eeth Koth,EETHKOTH
ROTE,LS,5,Ring of Kafrene,1,2,1,Jedi Master Luke Skywalker,GRANDMASTERLUKE
ROTE,LS,5,Ring of Kafrene,1,2,2,Commander Luke Skywalker,COMMANDERLUKESKYWALKER
ROTE,LS,5,Ring of Kafrene,1,2,3,Jedi Knight Luke Skywalker,JEDIKNIGHTLUKE
ROTE,LS,5,Ring of Kafrene,1,2,4,Wedge Antilles's X-wing,XWINGRED2
ROTE,LS,5,Ring of Kafrene,1,2,5,Boushh (Leia Organa),BOUSHH
ROTE,LS,5,Ring of Kafrene,1,1,1,Jedi Master Luke Skywalker,GRANDMASTERLUKE
ROTE,LS,5,Ring of Kafrene,1,1,2,Grand Master Yoda,GRANDMASTERYODA
ROTE,LS,5,Ring of Kafrene,1,1,3,Jedi Knight Luke Skywalker,JEDIKNIGHTLUKE
ROTE,LS,5,Ring of Kafrene,1,1,4,50R-T,50RT
ROTE,LS,5,Ring of Kafrene,1,1,5,Zaalbar,ZAALBAR
ROTE,LS,6,Scarif,6,3,1,Jedi Master Luke Skywalker,GRANDMASTERLUKE
ROTE,LS,6,Scarif,6,3,2,Hermit Yoda,HERMITYODA
ROTE,LS,6,Scarif,6,3,3,Ben Solo,BENSOLO
ROTE,LS,6,Scarif,6,3,4,BB-8,BB8
ROTE,LS,6,Scarif,6,3,5,Dash Rendar,DASHRENDAR
ROTE,LS,6,Scarif,6,2,1,Jedi Master Kenobi,JEDIMASTERKENOBI
ROTE,LS,6,Scarif,6,2,2,Rebel Officer Leia Organa,HOTHLEIA
ROTE,LS,6,Scarif,6,2,3,Ben Solo,BENSOLO
ROTE,LS,6,Scarif,6,2,4,Jedi Knight Revan,JEDIKNIGHTREVAN
ROTE,LS,6,Scarif,6,2,5,Skiff Guard (Lando Calrissian),UNDERCOVERLANDO
ROTE,LS,6,Scarif,6,1,1,Rey,GLREY
ROTE,LS,6,Scarif,6,1,2,Han Solo,HANSOLO
ROTE,LS,6,Scarif,6,1,3,Razor Crest,RAZORCREST
ROTE,LS,6,Scarif,6,1,4,Han's Millennium Falcon,MILLENNIUMFALCON
ROTE,LS,6,Scarif,6,1,5,Bastila Shan,BASTILASHAN
ROTE,LS,6,Scarif,5,3,1,Rey,GLREY
ROTE,LS,6,Scarif,5,3,2,Han Solo,HANSOLO
ROTE,LS,6,Scarif,5,3,3,Razor Crest,RAZORCREST
ROTE,LS,6,Scarif,5,3,4,Resistance X-wing,XWINGRESISTANCE
ROTE,LS,6,Scarif,5,3,5,Skiff Guard (Lando Calrissian),UNDERCOVERLANDO
ROTE,LS,6,Scarif,5,2,1,Jedi Master Luke Skywalker,GRANDMASTERLUKE
ROTE,LS,6,Scarif,5,2,2,Logray,LOGRAY
ROTE,LS,6,Scarif,5,2,3,Ben Solo,BENSOLO
ROTE,LS,6,Scarif,5,2,4,Zaalbar,ZAALBAR
ROTE,LS,6,Scarif,5,2,5,Bastila Shan,BASTILASHAN
ROTE,LS,6,Scarif,5,1,1,Jedi Master Luke Skywalker,GRANDMASTERLUKE
ROTE,LS,6,Scarif,5,1,2,Han Solo,HANSOLO
ROTE,LS,6,Scarif,5,1,3,Ben Solo,BENSOLO
ROTE,LS,6,Scarif,5,1,4,Tech,BADBATCHTECH
ROTE,LS,6,Scarif,5,1,5,Ima-Gun Di,IMAGUNDI
ROTE,LS,6,Scarif,4,3,1,Jedi Master Kenobi,JEDIMASTERKENOBI
ROTE,LS,6,Scarif,4,3,2,Ki-Adi-Mundi,KIADIMUNDI
ROTE,LS,6,Scarif,4,3,3,Rey (Scavenger),REY
ROTE,LS,6,Scarif,4,3,4,Ben Solo,BENSOLO
ROTE,LS,6,Scarif,4,3,5,Dash Rendar,DASHRENDAR
ROTE,LS,6,Scarif,4,2,1,Rey,GLREY
ROTE,LS,6,Scarif,4,2,2,Hermit Yoda,HERMITYODA
ROTE,LS,6,Scarif,4,2,3,Xanadu Blood,XANADUBLOOD
ROTE,LS,6,Scarif,4,2,4,Razor Crest,RAZORCREST
ROTE,LS,6,Scarif,4,2,5,"Mara Jade, The Emperor's Hand",MARAJADE
ROTE,LS,6,Scarif,4,1,1,Jedi Master Luke Skywalker,GRANDMASTERLUKE
ROTE,LS,6,Scarif,4,1,2,Ki-Adi-Mundi,KIADIMUNDI
ROTE,LS,6,Scarif,4,1,3,L3-37,L3_37
ROTE,LS,6,Scarif,4,1,4,Commander Ahsoka Tano,COMMANDERAHSOKA
ROTE,LS,6,Scarif,4,1,5,Bastila Shan,BASTILASHAN
ROTE,LS,6,Scarif,3,3,1,Jedi Master Kenobi,JEDIMASTERKENOBI
ROTE,LS,6,Scarif,3,3,2,Hermit Yoda,HERMITYODA
ROTE,LS,6,Scarif,3,3,3,Razor Crest,RAZORCREST
ROTE,LS,6,Scarif,3,3,4,Grand Master Yoda,GRANDMASTERYODA
ROTE,LS,6,Scarif,3,3,5,Raven's Claw,RAVENSCLAW
ROTE,LS,6,Scarif,3,2,1,Jedi Master Luke Skywalker,GRANDMASTERLUKE
ROTE,LS,6,Scarif,3,2,2,Ki-Adi-Mundi,KIADIMUNDI
ROTE,LS,6,Scarif,3,2,3,Razor Crest,RAZORCREST
ROTE,LS,6,Scarif,3,2,4,Chewbacca,CHEWBACCALEGENDARY
ROTE,LS,6,Scarif,3,2,5,Dash Rendar,DASHRENDAR
ROTE,LS,6,Scarif,3,1,1,Rey,GLREY
ROTE,LS,6,Scarif,3,1,2,Rebel Officer Leia Organa,HOTHLEIA
ROTE,LS,6,Scarif,3,1,3,Ben Solo,BENSOLO
ROTE,LS,6,Scarif,3,1,4,PadmÃ© Amidala,PADMEAMIDALA
ROTE,LS,6,Scarif,3,1,5,Bastila Shan,BASTILASHAN
ROTE,LS,6,Scarif,2,3,1,Jedi Master Luke Skywalker,GRANDMASTERLUKE
ROTE,LS,6,Scarif,2,3,2,Razor Crest,RAZORCREST
ROTE,LS,6,Scarif,2,3,3,Dash Rendar,DASHRENDAR
ROTE,LS,6,Scarif,2,3,4,Outrider,OUTRIDER
ROTE,LS,6,Scarif,2,3,5,Raven's Claw,RAVENSCLAW
ROTE,LS,6,Scarif,2,2,1,Rey,GLREY
ROTE,LS,6,Scarif,2,2,2,Razor Crest,RAZORCREST
ROTE,LS,6,Scarif,2,2,3,Rey (Scavenger),REY
ROTE,LS,6,Scarif,2,2,4,Lobot,LOBOT
ROTE,LS,6,Scarif,2,2,5,Bastila Shan,BASTILASHAN
ROTE,LS,6,Scarif,2,1,1,Rey,GLREY
ROTE,LS,6,Scarif,2,1,2,Ben Solo,BENSOLO
ROTE,LS,6,Scarif,2,1,3,The Mandalorian,THEMANDALORIAN
ROTE,LS,6,Scarif,2,1,4,Kanan Jarrus,KANANJARRUSS3
ROTE,LS,6,Scarif,2,1,5,Ima-Gun Di,IMAGUNDI
ROTE,LS,6,Scarif,1,3,1,Jedi Master Kenobi,JEDIMASTERKENOBI
ROTE,LS,6,Scarif,1,3,2,Commander Ahsoka Tano,COMMANDERAHSOKA
ROTE,LS,6,Scarif,1,3,3,Coruscant Underworld Police,CORUSCANTUNDERWORLDPOLICE
ROTE,LS,6,Scarif,1,3,4,Hermit Yoda,HERMITYODA
ROTE,LS,6,Scarif,1,3,5,Raven's Claw,RAVENSCLAW
ROTE,LS,6,Scarif,1,2,1,Jedi Master Luke Skywalker,GRANDMASTERLUKE
ROTE,LS,6,Scarif,1,2,2,Commander Ahsoka Tano,COMMANDERAHSOKA
ROTE,LS,6,Scarif,1,2,3,Poe Dameron,POE
ROTE,LS,6,Scarif,1,2,4,Rebel Officer Leia Organa,HOTHLEIA
ROTE,LS,6,Scarif,1,2,5,Dash Rendar,DASHRENDAR
ROTE,LS,6,Scarif,1,1,1,Jedi Master Kenobi,JEDIMASTERKENOBI
ROTE,LS,6,Scarif,1,1,2,Commander Ahsoka Tano,COMMANDERAHSOKA
ROTE,LS,6,Scarif,1,1,3,Biggs Darklighter's X-wing,XWINGRED3
ROTE,LS,6,Scarif,1,1,4,General Kenobi,GENERALKENOBI
ROTE,LS,6,Scarif,1,1,5,Bastila Shan,BASTILASHAN
ROTE,Mix,1,Corellia,6,3,1,TIE/IN Interceptor Prototype,TIEINTERCEPTOR
ROTE,Mix,1,Corellia,6,3,2,Darth Revan,DARTHREVAN
ROTE,Mix,1,Corellia,6,3,3,General Kenobi,GENERALKENOBI
ROTE,Mix,1,Corellia,6,3,4,Sana Starros,SANASTARROS
ROTE,Mix,1,Corellia,6,3,5,Jawa Engineer,JAWAENGINEER
ROTE,Mix,1,Corellia,6,2,1,TIE/IN Interceptor Prototype,TIEINTERCEPTOR
ROTE,Mix,1,Corellia,6,2,2,Emperor Palpatine,EMPERORPALPATINE
ROTE,Mix,1,Corellia,6,2,3,Hermit Yoda,HERMITYODA
ROTE,Mix,1,Corellia,6,2,4,Admiral Piett,ADMIRALPIETT
ROTE,Mix,1,Corellia,6,2,5,Darth Sion,DARTHSION
ROTE,Mix,1,Corellia,6,1,1,TIE/IN Interceptor Prototype,TIEINTERCEPTOR
ROTE,Mix,1,Corellia,6,1,2,The Mandalorian (Beskar Armor),THEMANDALORIANBESKARARMOR
ROTE,Mix,1,Corellia,6,1,3,Imperial Probe Droid,IMPERIALPROBEDROID
ROTE,Mix,1,Corellia,6,1,4,Talia,TALIA
ROTE,Mix,1,Corellia,6,1,5,Ki-Adi-Mundi,KIADIMUNDI
ROTE,Mix,1,Corellia,5,3,1,"Boba Fett, Scion of Jango",BOBAFETTSCION
ROTE,Mix,1,Corellia,5,3,2,R2-D2,R2D2_LEGENDARY
ROTE,Mix,1,Corellia,5,3,3,Han Solo,HANSOLO
ROTE,Mix,1,Corellia,5,3,4,Geonosian Brood Alpha,GEONOSIANBROODALPHA
ROTE,Mix,1,Corellia,5,3,5,Colonel Starck,COLONELSTARCK
ROTE,Mix,1,Corellia,5,2,1,Commander Ahsoka Tano,COMMANDERAHSOKA
ROTE,Mix,1,Corellia,5,2,2,Chimaera,CAPITALCHIMAERA
ROTE,Mix,1,Corellia,5,2,3,Wat Tambor,WATTAMBOR
ROTE,Mix,1,Corellia,5,2,4,Malevolence,CAPITALMALEVOLENCE
ROTE,Mix,1,Corellia,5,2,5,Darth Maul,MAUL
ROTE,Mix,1,Corellia,5,1,1,Razor Crest,RAZORCREST
ROTE,Mix,1,Corellia,5,1,2,Chewbacca,CHEWBACCALEGENDARY
ROTE,Mix,1,Corellia,5,1,3,General Kenobi,GENERALKENOBI
ROTE,Mix,1,Corellia,5,1,4,TIE Silencer,TIESILENCER
ROTE,Mix,1,Corellia,5,1,5,Logray,LOGRAY
ROTE,Mix,1,Corellia,4,3,1,Commander Ahsoka Tano,COMMANDERAHSOKA
ROTE,Mix,1,Corellia,4,3,2,C-3PO,C3POLEGENDARY
ROTE,Mix,1,Corellia,4,3,3,Darth Traya,DARTHTRAYA
ROTE,Mix,1,Corellia,4,3,4,Plo Koon's Jedi Starfighter,BLADEOFDORIN
ROTE,Mix,1,Corellia,4,3,5,T3-M4,T3_M4
ROTE,Mix,1,Corellia,4,2,1,Darth Malgus,DARTHMALGUS
ROTE,Mix,1,Corellia,4,2,2,BB-8,BB8
ROTE,Mix,1,Corellia,4,2,3,Darth Traya,DARTHTRAYA
ROTE,Mix,1,Corellia,4,2,4,Kylo Ren's Command Shuttle,COMMANDSHUTTLE
ROTE,Mix,1,Corellia,4,2,5,Clone Sergeant - Phase I,CLONESERGEANTPHASEI
ROTE,Mix,1,Corellia,4,1,1,Ben Solo,BENSOLO
ROTE,Mix,1,Corellia,4,1,2,Darth Revan,DARTHREVAN
ROTE,Mix,1,Corellia,4,1,3,Rebel Officer Leia Organa,HOTHLEIA
ROTE,Mix,1,Corellia,4,1,4,Darth Vader,VADER
ROTE,Mix,1,Corellia,4,1,5,Ki-Adi-Mundi,KIADIMUNDI
ROTE,Mix,1,Corellia,3,3,1,"Boba Fett, Scion of Jango",BOBAFETTSCION
ROTE,Mix,1,Corellia,3,3,2,Chewbacca,CHEWBACCALEGENDARY
ROTE,Mix,1,Corellia,3,3,3,Rey (Jedi Training),REYJEDITRAINING
ROTE,Mix,1,Corellia,3,3,4,Threepio & Chewie,C3POCHEWBACCA
ROTE,Mix,1,Corellia,3,3,5,Clone Sergeant's ARC-170,ARC170CLONESERGEANT
ROTE,Mix,1,Corellia,3,2,1,TIE/IN Interceptor Prototype,TIEINTERCEPTOR
ROTE,Mix,1,Corellia,3,2,2,Commander Luke Skywalker,COMMANDERLUKESKYWALKER
ROTE,Mix,1,Corellia,3,2,3,Darth Revan,DARTHREVAN
ROTE,Mix,1,Corellia,3,2,4,Paploo,PAPLOO
ROTE,Mix,1,Corellia,3,2,5,Bossk,BOSSK
ROTE,Mix,1,Corellia,3,1,1,TIE/IN Interceptor Prototype,TIEINTERCEPTOR
ROTE,Mix,1,Corellia,3,1,2,PadmÃ© Amidala,PADMEAMIDALA
ROTE,Mix,1,Corellia,3,1,3,Grand Master Yoda,GRANDMASTERYODA
ROTE,Mix,1,Corellia,3,1,4,Ghost,GHOST
ROTE,Mix,1,Corellia,3,1,5,Wat Tambor,WATTAMBOR
ROTE,Mix,1,Corellia,2,3,1,"Boba Fett, Scion of Jango",BOBAFETTSCION
ROTE,Mix,1,Corellia,2,3,2,Commander Luke Skywalker,COMMANDERLUKESKYWALKER
ROTE,Mix,1,Corellia,2,3,3,The Mandalorian (Beskar Armor),THEMANDALORIANBESKARARMOR
ROTE,Mix,1,Corellia,2,3,4,BT-1,BT1
ROTE,Mix,1,Corellia,2,3,5,Geonosian Brood Alpha,GEONOSIANBROODALPHA
ROTE,Mix,1,Corellia,2,2,1,Darth Malgus,DARTHMALGUS
ROTE,Mix,1,Corellia,2,2,2,C-3PO,C3POLEGENDARY
ROTE,Mix,1,Corellia,2,2,3,Darth Revan,DARTHREVAN
ROTE,Mix,1,Corellia,2,2,4,Jolee Bindo,JOLEEBINDO
ROTE,Mix,1,Corellia,2,2,5,Poe Dameron,POE
ROTE,Mix,1,Corellia,2,1,1,Ben Solo,BENSOLO
ROTE,Mix,1,Corellia,2,1,2,Grand Master Yoda,GRANDMASTERYODA
ROTE,Mix,1,Corellia,2,1,3,Commander Luke Skywalker,COMMANDERLUKESKYWALKER
ROTE,Mix,1,Corellia,2,1,4,Hunter,BADBATCHHUNTER
ROTE,Mix,1,Corellia,2,1,5,Han Solo,HANSOLO
ROTE,Mix,1,Corellia,1,3,1,"Boba Fett, Scion of Jango",BOBAFETTSCION
ROTE,Mix,1,Corellia,1,3,2,R2-D2,R2D2_LEGENDARY
ROTE,Mix,1,Corellia,1,3,3,Darth Revan,DARTHREVAN
ROTE,Mix,1,Corellia,1,3,4,Hyena Bomber,HYENABOMBER
ROTE,Mix,1,Corellia,1,3,5,Anakin's Eta-2 Starfighter,JEDISTARFIGHTERANAKIN
ROTE,Mix,1,Corellia,1,2,1,"Boba Fett, Scion of Jango",BOBAFETTSCION
ROTE,Mix,1,Corellia,1,2,2,Grand Admiral Thrawn,GRANDADMIRALTHRAWN
ROTE,Mix,1,Corellia,1,2,3,C-3PO,C3POLEGENDARY
ROTE,Mix,1,Corellia,1,2,4,Ima-Gun Di,IMAGUNDI
ROTE,Mix,1,Corellia,1,2,5,Sith Trooper,FOSITHTROOPER
ROTE,Mix,1,Corellia,1,1,1,Commander Ahsoka Tano,COMMANDERAHSOKA
ROTE,Mix,1,Corellia,1,1,2,Chewbacca,CHEWBACCALEGENDARY
ROTE,Mix,1,Corellia,1,1,3,Jedi Knight Revan,JEDIKNIGHTREVAN
ROTE,Mix,1,Corellia,1,1,4,Eeth Koth,EETHKOTH
ROTE,Mix,1,Corellia,1,1,5,Darth Traya,DARTHTRAYA
ROTE,Mix,2,Felucia,6,3,1,Sith Eternal Emperor,SITHPALPATINE
ROTE,Mix,2,Felucia,6,3,2,Commander Ahsoka Tano,COMMANDERAHSOKA
ROTE,Mix,2,Felucia,6,3,3,Scythe,SCYTHE
ROTE,Mix,2,Felucia,6,3,4,Han Solo,HANSOLO
ROTE,Mix,2,Felucia,6,3,5,L3-37,L3_37
ROTE,Mix,2,Felucia,6,2,1,Darth Malak,DARTHMALAK
ROTE,Mix,2,Felucia,6,2,2,Ben Solo,BENSOLO
ROTE,Mix,2,Felucia,6,2,3,"Boba Fett, Scion of Jango",BOBAFETTSCION
ROTE,Mix,2,Felucia,6,2,4,Rebel Officer Leia Organa,HOTHLEIA
ROTE,Mix,2,Felucia,6,2,5,BT-1,BT1
ROTE,Mix,2,Felucia,6,1,1,Starkiller,STARKILLER
ROTE,Mix,2,Felucia,6,1,2,"Boba Fett, Scion of Jango",BOBAFETTSCION
ROTE,Mix,2,Felucia,6,1,3,Darth Malgus,DARTHMALGUS
ROTE,Mix,2,Felucia,6,1,4,Ki-Adi-Mundi,KIADIMUNDI
ROTE,Mix,2,Felucia,6,1,5,Lando Calrissian,ADMINISTRATORLANDO
ROTE,Mix,2,Felucia,5,3,1,Rey,GLREY
ROTE,Mix,2,Felucia,5,3,2,Commander Ahsoka Tano,COMMANDERAHSOKA
ROTE,Mix,2,Felucia,5,3,3,Razor Crest,RAZORCREST
ROTE,Mix,2,Felucia,5,3,4,Bastila Shan,BASTILASHAN
ROTE,Mix,2,Felucia,5,3,5,Death Trooper,DEATHTROOPER
ROTE,Mix,2,Felucia,5,2,1,General Skywalker,GENERALSKYWALKER
ROTE,Mix,2,Felucia,5,2,2,Darth Malgus,DARTHMALGUS
ROTE,Mix,2,Felucia,5,2,3,"Boba Fett, Scion of Jango",BOBAFETTSCION
ROTE,Mix,2,Felucia,5,2,4,Cassian's U-wing,UWINGROGUEONE
ROTE,Mix,2,Felucia,5,2,5,Sith Trooper,FOSITHTROOPER
ROTE,Mix,2,Felucia,5,1,1,Grand Inquisitor,GRANDINQUISITOR
ROTE,Mix,2,Felucia,5,1,2,Darth Malgus,DARTHMALGUS
ROTE,Mix,2,Felucia,5,1,3,Scythe,SCYTHE
ROTE,Mix,2,Felucia,5,1,4,Embo,EMBO
ROTE,Mix,2,Felucia,5,1,5,Admiral Ackbar,ADMIRALACKBAR
ROTE,Mix,2,Felucia,4,3,1,Supreme Leader Kylo Ren,SUPREMELEADERKYLOREN
ROTE,Mix,2,Felucia,4,3,2,TIE/IN Interceptor Prototype,TIEINTERCEPTOR
ROTE,Mix,2,Felucia,4,3,3,Scythe,SCYTHE
ROTE,Mix,2,Felucia,4,3,4,Logray,LOGRAY
ROTE,Mix,2,Felucia,4,3,5,General Veers,VEERS
ROTE,Mix,2,Felucia,4,2,1,Grand Inquisitor,GRANDINQUISITOR
ROTE,Mix,2,Felucia,4,2,2,"Boba Fett, Scion of Jango",BOBAFETTSCION
ROTE,Mix,2,Felucia,4,2,3,Maul,MAULS7
ROTE,Mix,2,Felucia,4,2,4,Hermit Yoda,HERMITYODA
ROTE,Mix,2,Felucia,4,2,5,Kuiil,KUIIL
ROTE,Mix,2,Felucia,4,1,1,General Skywalker,GENERALSKYWALKER
ROTE,Mix,2,Felucia,4,1,2,Maul,MAULS7
ROTE,Mix,2,Felucia,4,1,3,Darth Malgus,DARTHMALGUS
ROTE,Mix,2,Felucia,4,1,4,Rebel Officer Leia Organa,HOTHLEIA
ROTE,Mix,2,Felucia,4,1,5,Count Dooku,COUNTDOOKU
ROTE,Mix,2,Felucia,3,3,1,Lord Vader,LORDVADER
ROTE,Mix,2,Felucia,3,3,2,Scythe,SCYTHE
ROTE,Mix,2,Felucia,3,3,3,Ben Solo,BENSOLO
ROTE,Mix,2,Felucia,3,3,4,Rebel Officer Leia Organa,HOTHLEIA
ROTE,Mix,2,Felucia,3,3,5,Snowtrooper,SNOWTROOPER
ROTE,Mix,2,Felucia,3,2,1,Jedi Knight Luke Skywalker,JEDIKNIGHTLUKE
ROTE,Mix,2,Felucia,3,2,2,Razor Crest,RAZORCREST
ROTE,Mix,2,Felucia,3,2,3,Commander Ahsoka Tano,COMMANDERAHSOKA
ROTE,Mix,2,Felucia,3,2,4,Imperial Probe Droid,IMPERIALPROBEDROID
ROTE,Mix,2,Felucia,3,2,5,Sana Starros,SANASTARROS
ROTE,Mix,2,Felucia,3,1,1,Jedi Knight Luke Skywalker,JEDIKNIGHTLUKE
ROTE,Mix,2,Felucia,3,1,2,Maul,MAULS7
ROTE,Mix,2,Felucia,3,1,3,Scythe,SCYTHE
ROTE,Mix,2,Felucia,3,1,4,Wat Tambor,WATTAMBOR
ROTE,Mix,2,Felucia,3,1,5,General Hux,GENERALHUX
ROTE,Mix,2,Felucia,2,3,1,Jedi Master Luke Skywalker,GRANDMASTERLUKE
ROTE,Mix,2,Felucia,2,3,2,Commander Ahsoka Tano,COMMANDERAHSOKA
ROTE,Mix,2,Felucia,2,3,3,Maul,MAULS7
ROTE,Mix,2,Felucia,2,3,4,Jawa,JAWA
ROTE,Mix,2,Felucia,2,3,5,Zaalbar,ZAALBAR
ROTE,Mix,2,Felucia,2,2,1,Jedi Knight Luke Skywalker,JEDIKNIGHTLUKE
ROTE,Mix,2,Felucia,2,2,2,TIE/IN Interceptor Prototype,TIEINTERCEPTOR
ROTE,Mix,2,Felucia,2,2,3,Scythe,SCYTHE
ROTE,Mix,2,Felucia,2,2,4,Emperor's Shuttle,EMPERORSSHUTTLE
ROTE,Mix,2,Felucia,2,2,5,Embo,EMBO
ROTE,Mix,2,Felucia,2,1,1,General Skywalker,GENERALSKYWALKER
ROTE,Mix,2,Felucia,2,1,2,Darth Malgus,DARTHMALGUS
ROTE,Mix,2,Felucia,2,1,3,Commander Ahsoka Tano,COMMANDERAHSOKA
ROTE,Mix,2,Felucia,2,1,4,The Mandalorian,THEMANDALORIAN
ROTE,Mix,2,Felucia,2,1,5,Outrider,OUTRIDER
ROTE,Mix,2,Felucia,1,3,1,Sith Eternal Emperor,SITHPALPATINE
ROTE,Mix,2,Felucia,1,3,2,Razor Crest,RAZORCREST
ROTE,Mix,2,Felucia,1,3,3,Ben Solo,BENSOLO
ROTE,Mix,2,Felucia,1,3,4,Rebel Officer Leia Organa,HOTHLEIA
ROTE,Mix,2,Felucia,1,3,5,Plo Koon's Jedi Starfighter,BLADEOFDORIN
ROTE,Mix,2,Felucia,1,2,1,General Skywalker,GENERALSKYWALKER
ROTE,Mix,2,Felucia,1,2,2,Scythe,SCYTHE
ROTE,Mix,2,Felucia,1,2,3,"Boba Fett, Scion of Jango",BOBAFETTSCION
ROTE,Mix,2,Felucia,1,2,4,Wat Tambor,WATTAMBOR
ROTE,Mix,2,Felucia,1,2,5,Threepio & Chewie,C3POCHEWBACCA
ROTE,Mix,2,Felucia,1,1,1,Grand Inquisitor,GRANDINQUISITOR
ROTE,Mix,2,Felucia,1,1,2,TIE/IN Interceptor Prototype,TIEINTERCEPTOR
ROTE,Mix,2,Felucia,1,1,3,Commander Ahsoka Tano,COMMANDERAHSOKA
ROTE,Mix,2,Felucia,1,1,4,General Kenobi,GENERALKENOBI
ROTE,Mix,2,Felucia,1,1,5,Aayla Secura,AAYLASECURA
ROTE,Mix,3,Tatooine,6,3,1,Supreme Leader Kylo Ren,SUPREMELEADERKYLOREN
ROTE,Mix,3,Tatooine,6,3,2,Jedi Knight Luke Skywalker,JEDIKNIGHTLUKE
ROTE,Mix,3,Tatooine,6,3,3,Darth Malgus,DARTHMALGUS
ROTE,Mix,3,Tatooine,6,3,4,Resistance Hero Finn,EPIXFINN
ROTE,Mix,3,Tatooine,6,3,5,Obi-Wan Kenobi (Old Ben),OLDBENKENOBI
ROTE,Mix,3,Tatooine,6,2,1,Sith Eternal Emperor,SITHPALPATINE
ROTE,Mix,3,Tatooine,6,2,2,Jedi Knight Luke Skywalker,JEDIKNIGHTLUKE
ROTE,Mix,3,Tatooine,6,2,3,Maul,MAULS7
ROTE,Mix,3,Tatooine,6,2,4,IG-2000,IG2000
ROTE,Mix,3,Tatooine,6,2,5,First Order SF TIE Fighter,TIEFIGHTERFOSF
ROTE,Mix,3,Tatooine,6,1,1,Darth Malak,DARTHMALAK
ROTE,Mix,3,Tatooine,6,1,2,"Boba Fett, Scion of Jango",BOBAFETTSCION
ROTE,Mix,3,Tatooine,6,1,3,TIE/IN Interceptor Prototype,TIEINTERCEPTOR
ROTE,Mix,3,Tatooine,6,1,4,Hondo Ohnaka,HONDO
ROTE,Mix,3,Tatooine,6,1,5,Barriss Offee,BARRISSOFFEE
ROTE,Mix,3,Tatooine,5,3,1,Jedi Master Luke Skywalker,GRANDMASTERLUKE
ROTE,Mix,3,Tatooine,5,3,2,Starkiller,STARKILLER
ROTE,Mix,3,Tatooine,5,3,3,TIE/IN Interceptor Prototype,TIEINTERCEPTOR
ROTE,Mix,3,Tatooine,5,3,4,Teebo,TEEBO
ROTE,Mix,3,Tatooine,5,3,5,HK-47,HK47
ROTE,Mix,3,Tatooine,5,2,1,Rey,GLREY
ROTE,Mix,3,Tatooine,5,2,2,General Skywalker,GENERALSKYWALKER
ROTE,Mix,3,Tatooine,5,2,3,Scythe,SCYTHE
ROTE,Mix,3,Tatooine,5,2,4,Finalizer,CAPITALFINALIZER
ROTE,Mix,3,Tatooine,5,2,5,Bodhi Rook,BODHIROOK
ROTE,Mix,3,Tatooine,5,1,1,Jedi Knight Luke Skywalker,JEDIKNIGHTLUKE
ROTE,Mix,3,Tatooine,5,1,2,Maul,MAULS7
ROTE,Mix,3,Tatooine,5,1,3,Darth Malgus,DARTHMALGUS
ROTE,Mix,3,Tatooine,5,1,4,B1 Battle Droid,B1BATTLEDROIDV2
ROTE,Mix,3,Tatooine,5,1,5,Hoth Rebel Scout,HOTHREBELSCOUT
ROTE,Mix,3,Tatooine,4,3,1,Jedi Master Kenobi,JEDIMASTERKENOBI
ROTE,Mix,3,Tatooine,4,3,2,Darth Malak,DARTHMALAK
ROTE,Mix,3,Tatooine,4,3,3,Razor Crest,RAZORCREST
ROTE,Mix,3,Tatooine,4,3,4,Ewok Elder,EWOKELDER
ROTE,Mix,3,Tatooine,4,3,5,Kylo Ren (Unmasked),KYLORENUNMASKED
ROTE,Mix,3,Tatooine,4,2,1,Jedi Master Luke Skywalker,GRANDMASTERLUKE
ROTE,Mix,3,Tatooine,4,2,2,Starkiller,STARKILLER
ROTE,Mix,3,Tatooine,4,2,3,Scythe,SCYTHE
ROTE,Mix,3,Tatooine,4,2,4,Resistance Hero Poe,EPIXPOE
ROTE,Mix,3,Tatooine,4,2,5,Coruscant Underworld Police,CORUSCANTUNDERWORLDPOLICE
ROTE,Mix,3,Tatooine,4,1,1,Jedi Knight Luke Skywalker,JEDIKNIGHTLUKE
ROTE,Mix,3,Tatooine,4,1,2,"Boba Fett, Scion of Jango",BOBAFETTSCION
ROTE,Mix,3,Tatooine,4,1,3,Commander Ahsoka Tano,COMMANDERAHSOKA
ROTE,Mix,3,Tatooine,4,1,4,TIE Reaper,TIEREAPER
ROTE,Mix,3,Tatooine,4,1,5,Young Han Solo,YOUNGHAN
ROTE,Mix,3,Tatooine,3,3,1,Supreme Leader Kylo Ren,SUPREMELEADERKYLOREN
ROTE,Mix,3,Tatooine,3,3,2,Ben Solo,BENSOLO
ROTE,Mix,3,Tatooine,3,3,3,Maul,MAULS7
ROTE,Mix,3,Tatooine,3,3,4,Skiff Guard (Lando Calrissian),UNDERCOVERLANDO
ROTE,Mix,3,Tatooine,3,3,5,"Mara Jade, The Emperor's Hand",MARAJADE
ROTE,Mix,3,Tatooine,3,2,1,Jedi Master Kenobi,JEDIMASTERKENOBI
ROTE,Mix,3,Tatooine,3,2,2,Razor Crest,RAZORCREST
ROTE,Mix,3,Tatooine,3,2,3,Darth Malgus,DARTHMALGUS
ROTE,Mix,3,Tatooine,3,2,4,Rose Tico,ROSETICO
ROTE,Mix,3,Tatooine,3,2,5,Ewok Scout,EWOKSCOUT
ROTE,Mix,3,Tatooine,3,1,1,Darth Malgus,DARTHMALGUS
ROTE,Mix,3,Tatooine,3,1,2,"Boba Fett, Scion of Jango",BOBAFETTSCION
ROTE,Mix,3,Tatooine,3,1,3,Scythe,SCYTHE
ROTE,Mix,3,Tatooine,3,1,4,Luminara Unduli,LUMINARAUNDULI
ROTE,Mix,3,Tatooine,3,1,5,Hunter,BADBATCHHUNTER
ROTE,Mix,3,Tatooine,2,3,1,Sith Eternal Emperor,SITHPALPATINE
ROTE,Mix,3,Tatooine,2,3,2,Maul,MAULS7
ROTE,Mix,3,Tatooine,2,3,3,Commander Ahsoka Tano,COMMANDERAHSOKA
ROTE,Mix,3,Tatooine,2,3,4,Nightsister Acolyte,NIGHTSISTERACOLYTE
ROTE,Mix,3,Tatooine,2,3,5,Bastila Shan (Fallen),BASTILASHANDARK
ROTE,Mix,3,Tatooine,2,2,1,Jedi Master Kenobi,JEDIMASTERKENOBI
ROTE,Mix,3,Tatooine,2,2,2,TIE/IN Interceptor Prototype,TIEINTERCEPTOR
ROTE,Mix,3,Tatooine,2,2,3,Razor Crest,RAZORCREST
ROTE,Mix,3,Tatooine,2,2,4,50R-T,50RT
ROTE,Mix,3,Tatooine,2,2,5,Obi-Wan Kenobi (Old Ben),OLDBENKENOBI
ROTE,Mix,3,Tatooine,2,1,1,"Boba Fett, Scion of Jango",BOBAFETTSCION
ROTE,Mix,3,Tatooine,2,1,2,Scythe,SCYTHE
ROTE,Mix,3,Tatooine,2,1,3,TIE/IN Interceptor Prototype,TIEINTERCEPTOR
ROTE,Mix,3,Tatooine,2,1,4,Outrider,OUTRIDER
ROTE,Mix,3,Tatooine,2,1,5,Qui-Gon Jinn,QUIGONJINN
ROTE,Mix,3,Tatooine,1,3,1,Sith Eternal Emperor,SITHPALPATINE
ROTE,Mix,3,Tatooine,1,3,2,Maul,MAULS7
ROTE,Mix,3,Tatooine,1,3,3,"Boba Fett, Scion of Jango",BOBAFETTSCION
ROTE,Mix,3,Tatooine,1,3,4,Fifth Brother,FIFTHBROTHER
ROTE,Mix,3,Tatooine,1,3,5,Gauntlet Starfighter,GAUNTLETSTARFIGHTER
ROTE,Mix,3,Tatooine,1,2,1,Rey,GLREY
ROTE,Mix,3,Tatooine,1,2,2,Commander Ahsoka Tano,COMMANDERAHSOKA
ROTE,Mix,3,Tatooine,1,2,3,Darth Malgus,DARTHMALGUS
ROTE,Mix,3,Tatooine,1,2,4,Geonosian Spy,GEONOSIANSPY
ROTE,Mix,3,Tatooine,1,2,5,Chirrut ÃŽmwe,CHIRRUTIMWE
ROTE,Mix,3,Tatooine,1,1,1,TIE/IN Interceptor Prototype,TIEINTERCEPTOR
ROTE,Mix,3,Tatooine,1,1,2,Razor Crest,RAZORCREST
ROTE,Mix,3,Tatooine,1,1,3,"Boba Fett, Scion of Jango",BOBAFETTSCION
ROTE,Mix,3,Tatooine,1,1,4,Cara Dune,CARADUNE
ROTE,Mix,3,Tatooine,1,1,5,Bastila Shan (Fallen),BASTILASHANDARK
ROTE,Mix,4,Kessel,6,3,1,Supreme Leader Kylo Ren,SUPREMELEADERKYLOREN
ROTE,Mix,4,Kessel,6,3,2,Starkiller,STARKILLER
ROTE,Mix,4,Kessel,6,3,3,Commander Ahsoka Tano,COMMANDERAHSOKA
ROTE,Mix,4,Kessel,6,3,4,Dark Trooper,DARKTROOPER
ROTE,Mix,4,Kessel,6,3,5,Kylo Ren,KYLOREN
ROTE,Mix,4,Kessel,6,2,1,Rey,GLREY
ROTE,Mix,4,Kessel,6,2,2,Darth Malak,DARTHMALAK
ROTE,Mix,4,Kessel,6,2,3,Ben Solo,BENSOLO
ROTE,Mix,4,Kessel,6,2,4,Admiral Ackbar,ADMIRALACKBAR
ROTE,Mix,4,Kessel,6,2,5,Commander Ahsoka Tano,COMMANDERAHSOKA
ROTE,Mix,4,Kessel,6,1,1,Sith Eternal Emperor,SITHPALPATINE
ROTE,Mix,4,Kessel,6,1,2,Darth Malak,DARTHMALAK
ROTE,Mix,4,Kessel,6,1,3,Razor Crest,RAZORCREST
ROTE,Mix,4,Kessel,6,1,4,Sith Empire Trooper,SITHTROOPER
ROTE,Mix,4,Kessel,6,1,5,TIE Silencer,TIESILENCER
ROTE,Mix,4,Kessel,5,3,1,Rey,GLREY
ROTE,Mix,4,Kessel,5,3,2,Jedi Knight Luke Skywalker,JEDIKNIGHTLUKE
ROTE,Mix,4,Kessel,5,3,3,"Boba Fett, Scion of Jango",BOBAFETTSCION
ROTE,Mix,4,Kessel,5,3,4,50R-T,50RT
ROTE,Mix,4,Kessel,5,3,5,Rebel Y-wing,YWINGREBEL
ROTE,Mix,4,Kessel,5,2,1,Executor,CAPITALEXECUTOR
ROTE,Mix,4,Kessel,5,2,2,Jedi Knight Luke Skywalker,JEDIKNIGHTLUKE
ROTE,Mix,4,Kessel,5,2,3,Maul,MAULS7
ROTE,Mix,4,Kessel,5,2,4,IG-88,IG88
ROTE,Mix,4,Kessel,5,2,5,Razor Crest,RAZORCREST
ROTE,Mix,4,Kessel,5,1,1,Sith Eternal Emperor,SITHPALPATINE
ROTE,Mix,4,Kessel,5,1,2,General Skywalker,GENERALSKYWALKER
ROTE,Mix,4,Kessel,5,1,3,Scythe,SCYTHE
ROTE,Mix,4,Kessel,5,1,4,B-28 Extinction-class Bomber,SITHBOMBER
ROTE,Mix,4,Kessel,5,1,5,Asajj Ventress,ASAJVENTRESS
ROTE,Mix,4,Kessel,4,3,1,Rey,GLREY
ROTE,Mix,4,Kessel,4,3,2,Starkiller,STARKILLER
ROTE,Mix,4,Kessel,4,3,3,Darth Malgus,DARTHMALGUS
ROTE,Mix,4,Kessel,4,3,4,Bo-Katan Kryze,BOKATAN
ROTE,Mix,4,Kessel,4,3,5,Bistan,BISTAN
ROTE,Mix,4,Kessel,4,2,1,Rey,GLREY
ROTE,Mix,4,Kessel,4,2,2,Jedi Knight Luke Skywalker,JEDIKNIGHTLUKE
ROTE,Mix,4,Kessel,4,2,3,Maul,MAULS7
ROTE,Mix,4,Kessel,4,2,4,Hoth Rebel Soldier,HOTHREBELSOLDIER
ROTE,Mix,4,Kessel,4,2,5,Scythe,SCYTHE
ROTE,Mix,4,Kessel,4,1,1,Lord Vader,LORDVADER
ROTE,Mix,4,Kessel,4,1,2,General Skywalker,GENERALSKYWALKER
ROTE,Mix,4,Kessel,4,1,3,Ben Solo,BENSOLO
ROTE,Mix,4,Kessel,4,1,4,Baze Malbus,BAZEMALBUS
ROTE,Mix,4,Kessel,4,1,5,General Veers,VEERS
ROTE,Mix,4,Kessel,3,3,1,Sith Eternal Emperor,SITHPALPATINE
ROTE,Mix,4,Kessel,3,3,2,General Skywalker,GENERALSKYWALKER
ROTE,Mix,4,Kessel,3,3,3,TIE/IN Interceptor Prototype,TIEINTERCEPTOR
ROTE,Mix,4,Kessel,3,3,4,Slave I,SLAVE1
ROTE,Mix,4,Kessel,3,3,5,The Mandalorian,THEMANDALORIAN
ROTE,Mix,4,Kessel,3,2,1,Supreme Leader Kylo Ren,SUPREMELEADERKYLOREN
ROTE,Mix,4,Kessel,3,2,2,Starkiller,STARKILLER
ROTE,Mix,4,Kessel,3,2,3,Razor Crest,RAZORCREST
ROTE,Mix,4,Kessel,3,2,4,Nightsister Initiate,NIGHTSISTERINITIATE
ROTE,Mix,4,Kessel,3,2,5,TIE/IN Interceptor Prototype,TIEINTERCEPTOR
ROTE,Mix,4,Kessel,3,1,1,Sith Eternal Emperor,SITHPALPATINE
ROTE,Mix,4,Kessel,3,1,2,Starkiller,STARKILLER
ROTE,Mix,4,Kessel,3,1,3,Scythe,SCYTHE
ROTE,Mix,4,Kessel,3,1,4,Seventh Sister,SEVENTHSISTER
ROTE,Mix,4,Kessel,3,1,5,Nightsister Initiate,NIGHTSISTERINITIATE
ROTE,Mix,4,Kessel,2,3,1,Sith Eternal Emperor,SITHPALPATINE
ROTE,Mix,4,Kessel,2,3,2,Starkiller,STARKILLER
ROTE,Mix,4,Kessel,2,3,3,Darth Malgus,DARTHMALGUS
ROTE,Mix,4,Kessel,2,3,4,Echo,BADBATCHECHO
ROTE,Mix,4,Kessel,2,3,5,Aurra Sing,AURRA_SING
ROTE,Mix,4,Kessel,2,2,1,Rey,GLREY
ROTE,Mix,4,Kessel,2,2,2,Darth Malak,DARTHMALAK
ROTE,Mix,4,Kessel,2,2,3,Razor Crest,RAZORCREST
ROTE,Mix,4,Kessel,2,2,4,Rex's ARC-170,ARC170REX
ROTE,Mix,4,Kessel,2,2,5,Ben Solo,BENSOLO
ROTE,Mix,4,Kessel,2,1,1,Jedi Master Kenobi,JEDIMASTERKENOBI
ROTE,Mix,4,Kessel,2,1,2,Starkiller,STARKILLER
ROTE,Mix,4,Kessel,2,1,3,Maul,MAULS7
ROTE,Mix,4,Kessel,2,1,4,Gamorrean Guard,GAMORREANGUARD
ROTE,Mix,4,Kessel,2,1,5,Sith Fighter,SITHFIGHTER
ROTE,Mix,4,Kessel,1,3,1,Rey,GLREY
ROTE,Mix,4,Kessel,1,3,2,Jedi Knight Luke Skywalker,JEDIKNIGHTLUKE
ROTE,Mix,4,Kessel,1,3,3,TIE/IN Interceptor Prototype,TIEINTERCEPTOR
ROTE,Mix,4,Kessel,1,3,4,Jedi Consular's Starfighter,JEDISTARFIGHTERCONSULAR
ROTE,Mix,4,Kessel,1,3,5,Outrider,OUTRIDER
ROTE,Mix,4,Kessel,1,2,1,Lord Vader,LORDVADER
ROTE,Mix,4,Kessel,1,2,2,General Skywalker,GENERALSKYWALKER
ROTE,Mix,4,Kessel,1,2,3,TIE/IN Interceptor Prototype,TIEINTERCEPTOR
ROTE,Mix,4,Kessel,1,2,4,Ebon Hawk,EBONHAWK
ROTE,Mix,4,Kessel,1,2,5,"Boba Fett, Scion of Jango",BOBAFETTSCION
ROTE,Mix,4,Kessel,1,1,1,Executor,CAPITALEXECUTOR
ROTE,Mix,4,Kessel,1,1,2,Starkiller,STARKILLER
ROTE,Mix,4,Kessel,1,1,3,TIE/IN Interceptor Prototype,TIEINTERCEPTOR
ROTE,Mix,4,Kessel,1,1,4,Coruscant Underworld Police,CORUSCANTUNDERWORLDPOLICE
ROTE,Mix,4,Kessel,1,1,5,Poggle the Lesser,POGGLETHELESSER
ROTE,Mix,5,Vandor,6,3,1,Lord Vader,LORDVADER
ROTE,Mix,5,Vandor,6,3,2,Darth Malgus,DARTHMALGUS
ROTE,Mix,5,Vandor,6,3,3,Grand Inquisitor,GRANDINQUISITOR
ROTE,Mix,5,Vandor,6,3,4,Old Daka,DAKA
ROTE,Mix,5,Vandor,6,3,5,Chewbacca,CHEWBACCALEGENDARY
ROTE,Mix,5,Vandor,6,2,1,Jedi Master Luke Skywalker,GRANDMASTERLUKE
ROTE,Mix,5,Vandor,6,2,2,Razor Crest,RAZORCREST
ROTE,Mix,5,Vandor,6,2,3,Grand Inquisitor,GRANDINQUISITOR
ROTE,Mix,5,Vandor,6,2,4,Hyena Bomber,HYENABOMBER
ROTE,Mix,5,Vandor,6,2,5,Nightsister Initiate,NIGHTSISTERINITIATE
ROTE,Mix,5,Vandor,6,1,1,Executor,CAPITALEXECUTOR
ROTE,Mix,5,Vandor,6,1,2,Commander Ahsoka Tano,COMMANDERAHSOKA
ROTE,Mix,5,Vandor,6,1,3,Grand Inquisitor,GRANDINQUISITOR
ROTE,Mix,5,Vandor,6,1,4,Echo,BADBATCHECHO
ROTE,Mix,5,Vandor,6,1,5,TIE Echelon,FIRSTORDERTIEECHELON
ROTE,Mix,5,Vandor,5,3,1,Jedi Master Kenobi,JEDIMASTERKENOBI
ROTE,Mix,5,Vandor,5,3,2,Ben Solo,BENSOLO
ROTE,Mix,5,Vandor,5,3,3,General Skywalker,GENERALSKYWALKER
ROTE,Mix,5,Vandor,5,3,4,Grand Inquisitor,GRANDINQUISITOR
ROTE,Mix,5,Vandor,5,3,5,Emperor Palpatine,EMPERORPALPATINE
ROTE,Mix,5,Vandor,5,2,1,Jedi Master Kenobi,JEDIMASTERKENOBI
ROTE,Mix,5,Vandor,5,2,2,Commander Ahsoka Tano,COMMANDERAHSOKA
ROTE,Mix,5,Vandor,5,2,3,General Skywalker,GENERALSKYWALKER
ROTE,Mix,5,Vandor,5,2,4,Grand Inquisitor,GRANDINQUISITOR
ROTE,Mix,5,Vandor,5,2,5,First Order Executioner,FIRSTORDEREXECUTIONER
ROTE,Mix,5,Vandor,5,1,1,Jedi Master Kenobi,JEDIMASTERKENOBI
ROTE,Mix,5,Vandor,5,1,2,Maul,MAULS7
ROTE,Mix,5,Vandor,5,1,3,General Skywalker,GENERALSKYWALKER
ROTE,Mix,5,Vandor,5,1,4,Starkiller,STARKILLER
ROTE,Mix,5,Vandor,5,1,5,Talia,TALIA
ROTE,Mix,5,Vandor,4,3,1,Supreme Leader Kylo Ren,SUPREMELEADERKYLOREN
ROTE,Mix,5,Vandor,4,3,2,Razor Crest,RAZORCREST
ROTE,Mix,5,Vandor,4,3,3,Grand Inquisitor,GRANDINQUISITOR
ROTE,Mix,5,Vandor,4,3,4,Jedi Consular's Starfighter,JEDISTARFIGHTERCONSULAR
ROTE,Mix,5,Vandor,4,3,5,PadmÃ© Amidala,PADMEAMIDALA
ROTE,Mix,5,Vandor,4,2,1,Profundity,CAPITALPROFUNDITY
ROTE,Mix,5,Vandor,4,2,2,Scythe,SCYTHE
ROTE,Mix,5,Vandor,4,2,3,Jedi Knight Luke Skywalker,JEDIKNIGHTLUKE
ROTE,Mix,5,Vandor,4,2,4,Anakin's Eta-2 Starfighter,JEDISTARFIGHTERANAKIN
ROTE,Mix,5,Vandor,4,2,5,Raven's Claw,RAVENSCLAW
ROTE,Mix,5,Vandor,4,1,1,Supreme Leader Kylo Ren,SUPREMELEADERKYLOREN
ROTE,Mix,5,Vandor,4,1,2,"Boba Fett, Scion of Jango",BOBAFETTSCION
ROTE,Mix,5,Vandor,4,1,3,Darth Malak,DARTHMALAK
ROTE,Mix,5,Vandor,4,1,4,Mace Windu,MACEWINDU
ROTE,Mix,5,Vandor,4,1,5,Hyena Bomber,HYENABOMBER
ROTE,Mix,5,Vandor,3,3,1,Rey,GLREY
ROTE,Mix,5,Vandor,3,3,2,Commander Ahsoka Tano,COMMANDERAHSOKA
ROTE,Mix,5,Vandor,3,3,3,Bodhi Rook,BODHIROOK
ROTE,Mix,5,Vandor,3,3,4,Barriss Offee,BARRISSOFFEE
ROTE,Mix,5,Vandor,3,3,5,Starkiller,STARKILLER
ROTE,Mix,5,Vandor,3,2,1,Sith Eternal Emperor,SITHPALPATINE
ROTE,Mix,5,Vandor,3,2,2,Commander Ahsoka Tano,COMMANDERAHSOKA
ROTE,Mix,5,Vandor,3,2,3,Old Daka,DAKA
ROTE,Mix,5,Vandor,3,2,4,Bastila Shan,BASTILASHAN
ROTE,Mix,5,Vandor,3,2,5,Kylo Ren,KYLOREN
ROTE,Mix,5,Vandor,3,1,1,Profundity,CAPITALPROFUNDITY
ROTE,Mix,5,Vandor,3,1,2,Scythe,SCYTHE
ROTE,Mix,5,Vandor,3,1,3,IG-100 MagnaGuard,MAGNAGUARD
ROTE,Mix,5,Vandor,3,1,4,Bistan,BISTAN
ROTE,Mix,5,Vandor,3,1,5,Tusken Shaman,TUSKENSHAMAN
ROTE,Mix,5,Vandor,2,3,1,Profundity,CAPITALPROFUNDITY
ROTE,Mix,5,Vandor,2,3,2,Darth Malgus,DARTHMALGUS
ROTE,Mix,5,Vandor,2,3,3,Hondo Ohnaka,HONDO
ROTE,Mix,5,Vandor,2,3,4,Grand Inquisitor,GRANDINQUISITOR
ROTE,Mix,5,Vandor,2,3,5,Darth Malak,DARTHMALAK
ROTE,Mix,5,Vandor,2,2,1,Jedi Master Luke Skywalker,GRANDMASTERLUKE
ROTE,Mix,5,Vandor,2,2,2,"Boba Fett, Scion of Jango",BOBAFETTSCION
ROTE,Mix,5,Vandor,2,2,3,Jolee Bindo,JOLEEBINDO
ROTE,Mix,5,Vandor,2,2,4,Darth Malak,DARTHMALAK
ROTE,Mix,5,Vandor,2,2,5,Darth Sidious,DARTHSIDIOUS
ROTE,Mix,5,Vandor,2,1,1,Profundity,CAPITALPROFUNDITY
ROTE,Mix,5,Vandor,2,1,2,Commander Ahsoka Tano,COMMANDERAHSOKA
ROTE,Mix,5,Vandor,2,1,3,50R-T,50RT
ROTE,Mix,5,Vandor,2,1,4,Starkiller,STARKILLER
ROTE,Mix,5,Vandor,2,1,5,Hunter,BADBATCHHUNTER
ROTE,Mix,5,Vandor,1,3,1,Executor,CAPITALEXECUTOR
ROTE,Mix,5,Vandor,1,3,2,Commander Ahsoka Tano,COMMANDERAHSOKA
ROTE,Mix,5,Vandor,1,3,3,Imperial TIE Bomber,TIEBOMBERIMPERIAL
ROTE,Mix,5,Vandor,1,3,4,Wicket,WICKET
ROTE,Mix,5,Vandor,1,3,5,Starkiller,STARKILLER
ROTE,Mix,5,Vandor,1,2,1,Sith Eternal Emperor,SITHPALPATINE
ROTE,Mix,5,Vandor,1,2,2,Ben Solo,BENSOLO
ROTE,Mix,5,Vandor,1,2,3,Gauntlet Starfighter,GAUNTLETSTARFIGHTER
ROTE,Mix,5,Vandor,1,2,4,Hound's Tooth,HOUNDSTOOTH
ROTE,Mix,5,Vandor,1,2,5,Jedi Consular's Starfighter,JEDISTARFIGHTERCONSULAR
ROTE,Mix,5,Vandor,1,1,1,Profundity,CAPITALPROFUNDITY
ROTE,Mix,5,Vandor,1,1,2,Scythe,SCYTHE
ROTE,Mix,5,Vandor,1,1,3,Ahsoka Tano (Fulcrum),FULCRUMAHSOKA
ROTE,Mix,5,Vandor,1,1,4,Resistance Hero Finn,EPIXFINN
ROTE,Mix,5,Vandor,1,1,5,Wedge Antilles's X-wing,XWINGRED2
ROTE,Mix,6,Hoth,6,3,1,Jedi Master Kenobi,JEDIMASTERKENOBI
ROTE,Mix,6,Hoth,6,3,2,Commander Ahsoka Tano,COMMANDERAHSOKA
ROTE,Mix,6,Hoth,6,3,3,Ben Solo,BENSOLO
ROTE,Mix,6,Hoth,6,3,4,Admiral Raddus,ADMIRALRADDUS
ROTE,Mix,6,Hoth,6,3,5,Nightsister Initiate,NIGHTSISTERINITIATE
ROTE,Mix,6,Hoth,6,2,1,Lord Vader,LORDVADER
ROTE,Mix,6,Hoth,6,2,2,Darth Malgus,DARTHMALGUS
ROTE,Mix,6,Hoth,6,2,3,Razor Crest,RAZORCREST
ROTE,Mix,6,Hoth,6,2,4,Resistance Pilot,RESISTANCEPILOT
ROTE,Mix,6,Hoth,6,2,5,Chief Nebit,CHIEFNEBIT
ROTE,Mix,6,Hoth,6,1,1,Jedi Master Luke Skywalker,GRANDMASTERLUKE
ROTE,Mix,6,Hoth,6,1,2,Scythe,SCYTHE
ROTE,Mix,6,Hoth,6,1,3,Razor Crest,RAZORCREST
ROTE,Mix,6,Hoth,6,1,4,Aurra Sing,AURRA_SING
ROTE,Mix,6,Hoth,6,1,5,Dengar,DENGAR
ROTE,Mix,6,Hoth,5,3,1,Rey,GLREY
ROTE,Mix,6,Hoth,5,3,2,Razor Crest,RAZORCREST
ROTE,Mix,6,Hoth,5,3,3,Ben Solo,BENSOLO
ROTE,Mix,6,Hoth,5,3,4,Han Solo,HANSOLO
ROTE,Mix,6,Hoth,5,3,5,Pao,PAO
ROTE,Mix,6,Hoth,5,2,1,Supreme Leader Kylo Ren,SUPREMELEADERKYLOREN
ROTE,Mix,6,Hoth,5,2,2,Maul,MAULS7
ROTE,Mix,6,Hoth,5,2,3,Commander Ahsoka Tano,COMMANDERAHSOKA
ROTE,Mix,6,Hoth,5,2,4,Han Solo,HANSOLO
ROTE,Mix,6,Hoth,5,2,5,Nute Gunray,NUTEGUNRAY
ROTE,Mix,6,Hoth,5,1,1,Rey,GLREY
ROTE,Mix,6,Hoth,5,1,2,Scythe,SCYTHE
ROTE,Mix,6,Hoth,5,1,3,"Boba Fett, Scion of Jango",BOBAFETTSCION
ROTE,Mix,6,Hoth,5,1,4,Hermit Yoda,HERMITYODA
ROTE,Mix,6,Hoth,5,1,5,Sana Starros,SANASTARROS
ROTE,Mix,6,Hoth,4,3,1,Lord Vader,LORDVADER
ROTE,Mix,6,Hoth,4,3,2,Darth Malgus,DARTHMALGUS
ROTE,Mix,6,Hoth,4,3,3,Wat Tambor,WATTAMBOR
ROTE,Mix,6,Hoth,4,3,4,Jedi Consular,JEDIKNIGHTCONSULAR
ROTE,Mix,6,Hoth,4,3,5,Asajj Ventress,ASAJVENTRESS
ROTE,Mix,6,Hoth,4,2,1,Lord Vader,LORDVADER
ROTE,Mix,6,Hoth,4,2,2,Darth Malgus,DARTHMALGUS
ROTE,Mix,6,Hoth,4,2,3,General Kenobi,GENERALKENOBI
ROTE,Mix,6,Hoth,4,2,4,HK-47,HK47
ROTE,Mix,6,Hoth,4,2,5,TIE Echelon,FIRSTORDERTIEECHELON
ROTE,Mix,6,Hoth,4,1,1,Supreme Leader Kylo Ren,SUPREMELEADERKYLOREN
ROTE,Mix,6,Hoth,4,1,2,Scythe,SCYTHE
ROTE,Mix,6,Hoth,4,1,3,Han Solo,HANSOLO
ROTE,Mix,6,Hoth,4,1,4,First Order Officer,FIRSTORDEROFFICERMALE
ROTE,Mix,6,Hoth,4,1,5,B1 Battle Droid,B1BATTLEDROIDV2
ROTE,Mix,6,Hoth,3,3,1,Sith Eternal Emperor,SITHPALPATINE
ROTE,Mix,6,Hoth,3,3,2,Darth Malgus,DARTHMALGUS
ROTE,Mix,6,Hoth,3,3,3,Darth Traya,DARTHTRAYA
ROTE,Mix,6,Hoth,3,3,4,Emperor's Shuttle,EMPERORSSHUTTLE
ROTE,Mix,6,Hoth,3,3,5,"Boba Fett, Scion of Jango",BOBAFETTSCION
ROTE,Mix,6,Hoth,3,2,1,Executor,CAPITALEXECUTOR
ROTE,Mix,6,Hoth,3,2,2,Commander Ahsoka Tano,COMMANDERAHSOKA
ROTE,Mix,6,Hoth,3,2,3,Rebel Officer Leia Organa,HOTHLEIA
ROTE,Mix,6,Hoth,3,2,4,Young Lando Calrissian,YOUNGLANDO
ROTE,Mix,6,Hoth,3,2,5,Veteran Smuggler Chewbacca,SMUGGLERCHEWBACCA
ROTE,Mix,6,Hoth,3,1,1,Jedi Master Luke Skywalker,GRANDMASTERLUKE
ROTE,Mix,6,Hoth,3,1,2,Scythe,SCYTHE
ROTE,Mix,6,Hoth,3,1,3,General Kenobi,GENERALKENOBI
ROTE,Mix,6,Hoth,3,1,4,Clone Sergeant - Phase I,CLONESERGEANTPHASEI
ROTE,Mix,6,Hoth,3,1,5,Dark Trooper,DARKTROOPER
ROTE,Mix,6,Hoth,2,3,1,Supreme Leader Kylo Ren,SUPREMELEADERKYLOREN
ROTE,Mix,6,Hoth,2,3,2,Darth Malgus,DARTHMALGUS
ROTE,Mix,6,Hoth,2,3,3,Darth Traya,DARTHTRAYA
ROTE,Mix,6,Hoth,2,3,4,Commander Ahsoka Tano,COMMANDERAHSOKA
ROTE,Mix,6,Hoth,2,3,5,Maul,MAULS7
ROTE,Mix,6,Hoth,2,2,1,Rey,GLREY
ROTE,Mix,6,Hoth,2,2,2,Darth Malgus,DARTHMALGUS
ROTE,Mix,6,Hoth,2,2,3,Wat Tambor,WATTAMBOR
ROTE,Mix,6,Hoth,2,2,4,Ben Solo,BENSOLO
ROTE,Mix,6,Hoth,2,2,5,Outrider,OUTRIDER
ROTE,Mix,6,Hoth,2,1,1,Jedi Master Kenobi,JEDIMASTERKENOBI
ROTE,Mix,6,Hoth,2,1,2,Scythe,SCYTHE
ROTE,Mix,6,Hoth,2,1,3,Imperial Probe Droid,IMPERIALPROBEDROID
ROTE,Mix,6,Hoth,2,1,4,"Boba Fett, Scion of Jango",BOBAFETTSCION
ROTE,Mix,6,Hoth,2,1,5,Sith Empire Trooper,SITHTROOPER
ROTE,Mix,6,Hoth,1,3,1,Rey,GLREY
ROTE,Mix,6,Hoth,1,3,2,Darth Malgus,DARTHMALGUS
ROTE,Mix,6,Hoth,1,3,3,General Kenobi,GENERALKENOBI
ROTE,Mix,6,Hoth,1,3,4,Old Daka,DAKA
ROTE,Mix,6,Hoth,1,3,5,Maul,MAULS7
ROTE,Mix,6,Hoth,1,2,1,Supreme Leader Kylo Ren,SUPREMELEADERKYLOREN
ROTE,Mix,6,Hoth,1,2,2,Commander Ahsoka Tano,COMMANDERAHSOKA
ROTE,Mix,6,Hoth,1,2,3,Imperial Probe Droid,IMPERIALPROBEDROID
ROTE,Mix,6,Hoth,1,2,4,Sith Trooper,FOSITHTROOPER
ROTE,Mix,6,Hoth,1,2,5,Ninth Sister,NINTHSISTER
ROTE,Mix,6,Hoth,1,1,1,Rey,GLREY
ROTE,Mix,6,Hoth,1,1,2,Scythe,SCYTHE
ROTE,Mix,6,Hoth,1,1,3,Darth Traya,DARTHTRAYA
ROTE,Mix,6,Hoth,1,1,4,Sana Starros,SANASTARROS
ROTE,Mix,6,Hoth,1,1,5,IG-100 MagnaGuard,MAGNAGUARD
ROTE,DS,1,Mustafar,6,3,1,Darth Revan,DARTHREVAN
ROTE,DS,1,Mustafar,6,3,2,First Order SF TIE Pilot,FIRSTORDERSPECIALFORCESPILOT
ROTE,DS,1,Mustafar,6,3,3,General Grievous,GRIEVOUS
ROTE,DS,1,Mustafar,6,3,4,First Order Officer,FIRSTORDEROFFICERMALE
ROTE,DS,1,Mustafar,6,3,5,Count Dooku,COUNTDOOKU
ROTE,DS,1,Mustafar,6,2,1,Chimaera,CAPITALCHIMAERA
ROTE,DS,1,Mustafar,6,2,2,Darth Sidious,DARTHSIDIOUS
ROTE,DS,1,Mustafar,6,2,3,Imperial Probe Droid,IMPERIALPROBEDROID
ROTE,DS,1,Mustafar,6,2,4,Fifth Brother,FIFTHBROTHER
ROTE,DS,1,Mustafar,6,2,5,First Order Officer,FIRSTORDEROFFICERMALE
ROTE,DS,1,Mustafar,6,1,1,Darth Revan,DARTHREVAN
ROTE,DS,1,Mustafar,6,1,2,Canderous Ordo,CANDEROUSORDO
ROTE,DS,1,Mustafar,6,1,3,Wat Tambor,WATTAMBOR
ROTE,DS,1,Mustafar,6,1,4,Imperial TIE Fighter,TIEFIGHTERIMPERIAL
ROTE,DS,1,Mustafar,6,1,5,Darth Vader,VADER
ROTE,DS,1,Mustafar,5,3,1,Chimaera,CAPITALCHIMAERA
ROTE,DS,1,Mustafar,5,3,2,IG-88,IG88
ROTE,DS,1,Mustafar,5,3,3,Darth Traya,DARTHTRAYA
ROTE,DS,1,Mustafar,5,3,4,Boba Fett,BOBAFETT
ROTE,DS,1,Mustafar,5,3,5,Droideka,DROIDEKA
ROTE,DS,1,Mustafar,5,2,1,Emperor Palpatine,EMPERORPALPATINE
ROTE,DS,1,Mustafar,5,2,2,Tusken Shaman,TUSKENSHAMAN
ROTE,DS,1,Mustafar,5,2,3,Darth Traya,DARTHTRAYA
ROTE,DS,1,Mustafar,5,2,4,"Mara Jade, The Emperor's Hand",MARAJADE
ROTE,DS,1,Mustafar,5,2,5,0-0-0,TRIPLEZERO
ROTE,DS,1,Mustafar,5,1,1,Chimaera,CAPITALCHIMAERA
ROTE,DS,1,Mustafar,5,1,2,Canderous Ordo,CANDEROUSORDO
ROTE,DS,1,Mustafar,5,1,3,Darth Traya,DARTHTRAYA
ROTE,DS,1,Mustafar,5,1,4,First Order SF TIE Pilot,FIRSTORDERSPECIALFORCESPILOT
ROTE,DS,1,Mustafar,5,1,5,Nightsister Initiate,NIGHTSISTERINITIATE
ROTE,DS,1,Mustafar,4,3,1,Darth Revan,DARTHREVAN
ROTE,DS,1,Mustafar,4,3,2,Ugnaught,UGNAUGHT
ROTE,DS,1,Mustafar,4,3,3,Darth Traya,DARTHTRAYA
ROTE,DS,1,Mustafar,4,3,4,0-0-0,TRIPLEZERO
ROTE,DS,1,Mustafar,4,3,5,B1 Battle Droid,B1BATTLEDROIDV2
ROTE,DS,1,Mustafar,4,2,1,Grand Admiral Thrawn,GRANDADMIRALTHRAWN
ROTE,DS,1,Mustafar,4,2,2,IG-86 Sentinel Droid,IG86SENTINELDROID
ROTE,DS,1,Mustafar,4,2,3,General Grievous,GRIEVOUS
ROTE,DS,1,Mustafar,4,2,4,Embo,EMBO
ROTE,DS,1,Mustafar,4,2,5,Sith Trooper,FOSITHTROOPER
ROTE,DS,1,Mustafar,4,1,1,Darth Revan,DARTHREVAN
ROTE,DS,1,Mustafar,4,1,2,Darth Sion,DARTHSION
ROTE,DS,1,Mustafar,4,1,3,General Grievous,GRIEVOUS
ROTE,DS,1,Mustafar,4,1,4,Hound's Tooth,HOUNDSTOOTH
ROTE,DS,1,Mustafar,4,1,5,Dark Trooper,DARKTROOPER
ROTE,DS,1,Mustafar,3,3,1,Darth Revan,DARTHREVAN
ROTE,DS,1,Mustafar,3,3,2,Hound's Tooth,HOUNDSTOOTH
ROTE,DS,1,Mustafar,3,3,3,Darth Traya,DARTHTRAYA
ROTE,DS,1,Mustafar,3,3,4,0-0-0,TRIPLEZERO
ROTE,DS,1,Mustafar,3,3,5,BT-1,BT1
ROTE,DS,1,Mustafar,3,2,1,Chimaera,CAPITALCHIMAERA
ROTE,DS,1,Mustafar,3,2,2,Ninth Sister,NINTHSISTER
ROTE,DS,1,Mustafar,3,2,3,Wat Tambor,WATTAMBOR
ROTE,DS,1,Mustafar,3,2,4,Sith Assassin,SITHASSASSIN
ROTE,DS,1,Mustafar,3,2,5,TIE Fighter Pilot,TIEFIGHTERPILOT
ROTE,DS,1,Mustafar,3,1,1,Chimaera,CAPITALCHIMAERA
ROTE,DS,1,Mustafar,3,1,2,Darth Vader,VADER
ROTE,DS,1,Mustafar,3,1,3,Darth Traya,DARTHTRAYA
ROTE,DS,1,Mustafar,3,1,4,0-0-0,TRIPLEZERO
ROTE,DS,1,Mustafar,3,1,5,Imperial TIE Bomber,TIEBOMBERIMPERIAL
ROTE,DS,1,Mustafar,2,3,1,Emperor Palpatine,EMPERORPALPATINE
ROTE,DS,1,Mustafar,2,3,2,Nute Gunray,NUTEGUNRAY
ROTE,DS,1,Mustafar,2,3,3,Darth Traya,DARTHTRAYA
ROTE,DS,1,Mustafar,2,3,4,Hyena Bomber,HYENABOMBER
ROTE,DS,1,Mustafar,2,3,5,Droideka,DROIDEKA
ROTE,DS,1,Mustafar,2,2,1,Grand Admiral Thrawn,GRANDADMIRALTHRAWN
ROTE,DS,1,Mustafar,2,2,2,Dengar,DENGAR
ROTE,DS,1,Mustafar,2,2,3,Wat Tambor,WATTAMBOR
ROTE,DS,1,Mustafar,2,2,4,Asajj Ventress,ASAJVENTRESS
ROTE,DS,1,Mustafar,2,2,5,Ugnaught,UGNAUGHT
ROTE,DS,1,Mustafar,2,1,1,Grand Admiral Thrawn,GRANDADMIRALTHRAWN
ROTE,DS,1,Mustafar,2,1,2,Jango Fett,JANGOFETT
ROTE,DS,1,Mustafar,2,1,3,Wat Tambor,WATTAMBOR
ROTE,DS,1,Mustafar,2,1,4,Darth Sidious,DARTHSIDIOUS
ROTE,DS,1,Mustafar,2,1,5,IG-88,IG88
ROTE,DS,1,Mustafar,1,3,1,Chimaera,CAPITALCHIMAERA
ROTE,DS,1,Mustafar,1,3,2,Gauntlet Starfighter,GAUNTLETSTARFIGHTER
ROTE,DS,1,Mustafar,1,3,3,Imperial Probe Droid,IMPERIALPROBEDROID
ROTE,DS,1,Mustafar,1,3,4,Imperial Super Commando,IMPERIALSUPERCOMMANDO
ROTE,DS,1,Mustafar,1,3,5,Ugnaught,UGNAUGHT
ROTE,DS,1,Mustafar,1,2,1,Emperor Palpatine,EMPERORPALPATINE
ROTE,DS,1,Mustafar,1,2,2,Geonosian Spy's Starfighter,GEONOSIANSTARFIGHTER3
ROTE,DS,1,Mustafar,1,2,3,General Grievous,GRIEVOUS
ROTE,DS,1,Mustafar,1,2,4,Gamorrean Guard,GAMORREANGUARD
ROTE,DS,1,Mustafar,1,2,5,Darth Maul,MAUL
ROTE,DS,1,Mustafar,1,1,1,Emperor Palpatine,EMPERORPALPATINE
ROTE,DS,1,Mustafar,1,1,2,BT-1,BT1
ROTE,DS,1,Mustafar,1,1,3,General Grievous,GRIEVOUS
ROTE,DS,1,Mustafar,1,1,4,Darth Maul,MAUL
ROTE,DS,1,Mustafar,1,1,5,Darth Sion,DARTHSION
ROTE,DS,2,Geonosis,6,3,1,Executor,CAPITALEXECUTOR
ROTE,DS,2,Geonosis,6,3,2,Maul,MAULS7
ROTE,DS,2,Geonosis,6,3,3,"Boba Fett, Scion of Jango",BOBAFETTSCION
ROTE,DS,2,Geonosis,6,3,4,Darth Revan,DARTHREVAN
ROTE,DS,2,Geonosis,6,3,5,Kylo Ren's Command Shuttle,COMMANDSHUTTLE
ROTE,DS,2,Geonosis,6,2,1,Darth Malak,DARTHMALAK
ROTE,DS,2,Geonosis,6,2,2,TIE/IN Interceptor Prototype,TIEINTERCEPTOR
ROTE,DS,2,Geonosis,6,2,3,Grand Admiral Thrawn,GRANDADMIRALTHRAWN
ROTE,DS,2,Geonosis,6,2,4,Chimaera,CAPITALCHIMAERA
ROTE,DS,2,Geonosis,6,2,5,Hyena Bomber,HYENABOMBER
ROTE,DS,2,Geonosis,6,1,1,Grand Inquisitor,GRANDINQUISITOR
ROTE,DS,2,Geonosis,6,1,2,Darth Malgus,DARTHMALGUS
ROTE,DS,2,Geonosis,6,1,3,Scythe,SCYTHE
ROTE,DS,2,Geonosis,6,1,4,Emperor Palpatine,EMPERORPALPATINE
ROTE,DS,2,Geonosis,6,1,5,Death Trooper,DEATHTROOPER
ROTE,DS,2,Geonosis,5,3,1,Sith Eternal Emperor,SITHPALPATINE
ROTE,DS,2,Geonosis,5,3,2,Darth Malgus,DARTHMALGUS
ROTE,DS,2,Geonosis,5,3,3,Emperor Palpatine,EMPERORPALPATINE
ROTE,DS,2,Geonosis,5,3,4,Kylo Ren (Unmasked),KYLORENUNMASKED
ROTE,DS,2,Geonosis,5,3,5,Cad Bane,CADBANE
ROTE,DS,2,Geonosis,5,2,1,Starkiller,STARKILLER
ROTE,DS,2,Geonosis,5,2,2,Maul,MAULS7
ROTE,DS,2,Geonosis,5,2,3,Grand Admiral Thrawn,GRANDADMIRALTHRAWN
ROTE,DS,2,Geonosis,5,2,4,B2 Super Battle Droid,B2SUPERBATTLEDROID
ROTE,DS,2,Geonosis,5,2,5,Magmatrooper,MAGMATROOPER
ROTE,DS,2,Geonosis,5,1,1,Starkiller,STARKILLER
ROTE,DS,2,Geonosis,5,1,2,"Boba Fett, Scion of Jango",BOBAFETTSCION
ROTE,DS,2,Geonosis,5,1,3,Emperor Palpatine,EMPERORPALPATINE
ROTE,DS,2,Geonosis,5,1,4,Colonel Starck,COLONELSTARCK
ROTE,DS,2,Geonosis,5,1,5,Malevolence,CAPITALMALEVOLENCE
ROTE,DS,2,Geonosis,4,3,1,Executor,CAPITALEXECUTOR
ROTE,DS,2,Geonosis,4,3,2,TIE/IN Interceptor Prototype,TIEINTERCEPTOR
ROTE,DS,2,Geonosis,4,3,3,Scythe,SCYTHE
ROTE,DS,2,Geonosis,4,3,4,Wat Tambor,WATTAMBOR
ROTE,DS,2,Geonosis,4,3,5,Emperor's Shuttle,EMPERORSSHUTTLE
ROTE,DS,2,Geonosis,4,2,1,Grand Inquisitor,GRANDINQUISITOR
ROTE,DS,2,Geonosis,4,2,2,Darth Malgus,DARTHMALGUS
ROTE,DS,2,Geonosis,4,2,3,Chimaera,CAPITALCHIMAERA
ROTE,DS,2,Geonosis,4,2,4,Imperial Probe Droid,IMPERIALPROBEDROID
ROTE,DS,2,Geonosis,4,2,5,First Order Officer,FIRSTORDEROFFICERMALE
ROTE,DS,2,Geonosis,4,1,1,Grand Inquisitor,GRANDINQUISITOR
ROTE,DS,2,Geonosis,4,1,2,TIE/IN Interceptor Prototype,TIEINTERCEPTOR
ROTE,DS,2,Geonosis,4,1,3,Darth Revan,DARTHREVAN
ROTE,DS,2,Geonosis,4,1,4,General Grievous,GRIEVOUS
ROTE,DS,2,Geonosis,4,1,5,TIE Echelon,FIRSTORDERTIEECHELON
ROTE,DS,2,Geonosis,3,3,1,Supreme Leader Kylo Ren,SUPREMELEADERKYLOREN
ROTE,DS,2,Geonosis,3,3,2,TIE/IN Interceptor Prototype,TIEINTERCEPTOR
ROTE,DS,2,Geonosis,3,3,3,Darth Malak,DARTHMALAK
ROTE,DS,2,Geonosis,3,3,4,Darth Revan,DARTHREVAN
ROTE,DS,2,Geonosis,3,3,5,General Veers,VEERS
ROTE,DS,2,Geonosis,3,2,1,Scythe,SCYTHE
ROTE,DS,2,Geonosis,3,2,2,TIE/IN Interceptor Prototype,TIEINTERCEPTOR
ROTE,DS,2,Geonosis,3,2,3,Emperor Palpatine,EMPERORPALPATINE
ROTE,DS,2,Geonosis,3,2,4,Darth Revan,DARTHREVAN
ROTE,DS,2,Geonosis,3,2,5,First Order Officer,FIRSTORDEROFFICERMALE
ROTE,DS,2,Geonosis,3,1,1,Darth Malgus,DARTHMALGUS
ROTE,DS,2,Geonosis,3,1,2,"Boba Fett, Scion of Jango",BOBAFETTSCION
ROTE,DS,2,Geonosis,3,1,3,Chimaera,CAPITALCHIMAERA
ROTE,DS,2,Geonosis,3,1,4,Grand Admiral Thrawn,GRANDADMIRALTHRAWN
ROTE,DS,2,Geonosis,3,1,5,Asajj Ventress,ASAJVENTRESS
ROTE,DS,2,Geonosis,2,3,1,Supreme Leader Kylo Ren,SUPREMELEADERKYLOREN
ROTE,DS,2,Geonosis,2,3,2,"Boba Fett, Scion of Jango",BOBAFETTSCION
ROTE,DS,2,Geonosis,2,3,3,Darth Malak,DARTHMALAK
ROTE,DS,2,Geonosis,2,3,4,Kylo Ren (Unmasked),KYLORENUNMASKED
ROTE,DS,2,Geonosis,2,3,5,B2 Super Battle Droid,B2SUPERBATTLEDROID
ROTE,DS,2,Geonosis,2,2,1,"Boba Fett, Scion of Jango",BOBAFETTSCION
ROTE,DS,2,Geonosis,2,2,2,Darth Malgus,DARTHMALGUS
ROTE,DS,2,Geonosis,2,2,3,Grand Admiral Thrawn,GRANDADMIRALTHRAWN
ROTE,DS,2,Geonosis,2,2,4,Dengar,DENGAR
ROTE,DS,2,Geonosis,2,2,5,Droideka,DROIDEKA
ROTE,DS,2,Geonosis,2,1,1,Maul,MAULS7
ROTE,DS,2,Geonosis,2,1,2,Scythe,SCYTHE
ROTE,DS,2,Geonosis,2,1,3,Darth Revan,DARTHREVAN
ROTE,DS,2,Geonosis,2,1,4,Darth Talon,DARTHTALON
ROTE,DS,2,Geonosis,2,1,5,TIE Reaper,TIEREAPER
ROTE,DS,2,Geonosis,1,3,1,Sith Eternal Emperor,SITHPALPATINE
ROTE,DS,2,Geonosis,1,3,2,Scythe,SCYTHE
ROTE,DS,2,Geonosis,1,3,3,Starkiller,STARKILLER
ROTE,DS,2,Geonosis,1,3,4,Imperial Probe Droid,IMPERIALPROBEDROID
ROTE,DS,2,Geonosis,1,3,5,HK-47,HK47
ROTE,DS,2,Geonosis,1,2,1,Maul,MAULS7
ROTE,DS,2,Geonosis,1,2,2,"Boba Fett, Scion of Jango",BOBAFETTSCION
ROTE,DS,2,Geonosis,1,2,3,Chimaera,CAPITALCHIMAERA
ROTE,DS,2,Geonosis,1,2,4,Wat Tambor,WATTAMBOR
ROTE,DS,2,Geonosis,1,2,5,Executrix,CAPITALSTARDESTROYER
ROTE,DS,2,Geonosis,1,1,1,"Boba Fett, Scion of Jango",BOBAFETTSCION
ROTE,DS,2,Geonosis,1,1,2,Scythe,SCYTHE
ROTE,DS,2,Geonosis,1,1,3,Darth Revan,DARTHREVAN
ROTE,DS,2,Geonosis,1,1,4,Imperial Probe Droid,IMPERIALPROBEDROID
ROTE,DS,2,Geonosis,1,1,5,Scimitar,SITHINFILTRATOR
ROTE,DS,3,Dathomir,6,3,1,Supreme Leader Kylo Ren,SUPREMELEADERKYLOREN
ROTE,DS,3,Dathomir,6,3,2,"Boba Fett, Scion of Jango",BOBAFETTSCION
ROTE,DS,3,Dathomir,6,3,3,Darth Malgus,DARTHMALGUS
ROTE,DS,3,Dathomir,6,3,4,Embo,EMBO
ROTE,DS,3,Dathomir,6,3,5,Geonosian Soldier's Starfighter,GEONOSIANSTARFIGHTER2
ROTE,DS,3,Dathomir,6,2,1,Supreme Leader Kylo Ren,SUPREMELEADERKYLOREN
ROTE,DS,3,Dathomir,6,2,2,Darth Malgus,DARTHMALGUS
ROTE,DS,3,Dathomir,6,2,3,Scythe,SCYTHE
ROTE,DS,3,Dathomir,6,2,4,Tusken Raider,TUSKENRAIDER
ROTE,DS,3,Dathomir,6,2,5,Aurra Sing,AURRA_SING
ROTE,DS,3,Dathomir,6,1,1,"Boba Fett, Scion of Jango",BOBAFETTSCION
ROTE,DS,3,Dathomir,6,1,2,Maul,MAULS7
ROTE,DS,3,Dathomir,6,1,3,Chimaera,CAPITALCHIMAERA
ROTE,DS,3,Dathomir,6,1,4,Director Krennic,DIRECTORKRENNIC
ROTE,DS,3,Dathomir,6,1,5,Imperial TIE Fighter,TIEFIGHTERIMPERIAL
ROTE,DS,3,Dathomir,5,3,1,Lord Vader,LORDVADER
ROTE,DS,3,Dathomir,5,3,2,TIE/IN Interceptor Prototype,TIEINTERCEPTOR
ROTE,DS,3,Dathomir,5,3,3,Scythe,SCYTHE
ROTE,DS,3,Dathomir,5,3,4,Grand Moff Tarkin,GRANDMOFFTARKIN
ROTE,DS,3,Dathomir,5,3,5,Emperor's Shuttle,EMPERORSSHUTTLE
ROTE,DS,3,Dathomir,5,2,1,Sith Eternal Emperor,SITHPALPATINE
ROTE,DS,3,Dathomir,5,2,2,Darth Malgus,DARTHMALGUS
ROTE,DS,3,Dathomir,5,2,3,TIE/IN Interceptor Prototype,TIEINTERCEPTOR
ROTE,DS,3,Dathomir,5,2,4,0-0-0,TRIPLEZERO
ROTE,DS,3,Dathomir,5,2,5,Gar Saxon,GARSAXON
ROTE,DS,3,Dathomir,5,1,1,TIE/IN Interceptor Prototype,TIEINTERCEPTOR
ROTE,DS,3,Dathomir,5,1,2,Darth Malgus,DARTHMALGUS
ROTE,DS,3,Dathomir,5,1,3,Grand Admiral Thrawn,GRANDADMIRALTHRAWN
ROTE,DS,3,Dathomir,5,1,4,Seventh Sister,SEVENTHSISTER
ROTE,DS,3,Dathomir,5,1,5,First Order SF TIE Pilot,FIRSTORDERSPECIALFORCESPILOT
ROTE,DS,3,Dathomir,4,3,1,Lord Vader,LORDVADER
ROTE,DS,3,Dathomir,4,3,2,Darth Malgus,DARTHMALGUS
ROTE,DS,3,Dathomir,4,3,3,Scythe,SCYTHE
ROTE,DS,3,Dathomir,4,3,4,Sith Trooper,FOSITHTROOPER
ROTE,DS,3,Dathomir,4,3,5,TIE Advanced x1,TIEADVANCED
ROTE,DS,3,Dathomir,4,2,1,Lord Vader,LORDVADER
ROTE,DS,3,Dathomir,4,2,2,"Boba Fett, Scion of Jango",BOBAFETTSCION
ROTE,DS,3,Dathomir,4,2,3,Darth Malgus,DARTHMALGUS
ROTE,DS,3,Dathomir,4,2,4,IG-88,IG88
ROTE,DS,3,Dathomir,4,2,5,Mother Talzin,MOTHERTALZIN
ROTE,DS,3,Dathomir,4,1,1,Scythe,SCYTHE
ROTE,DS,3,Dathomir,4,1,2,Maul,MAULS7
ROTE,DS,3,Dathomir,4,1,3,Darth Revan,DARTHREVAN
ROTE,DS,3,Dathomir,4,1,4,Dengar,DENGAR
ROTE,DS,3,Dathomir,4,1,5,Cad Bane,CADBANE
ROTE,DS,3,Dathomir,3,3,1,Lord Vader,LORDVADER
ROTE,DS,3,Dathomir,3,3,2,Maul,MAULS7
ROTE,DS,3,Dathomir,3,3,3,Scythe,SCYTHE
ROTE,DS,3,Dathomir,3,3,4,Imperial Probe Droid,IMPERIALPROBEDROID
ROTE,DS,3,Dathomir,3,3,5,Sith Assassin,SITHASSASSIN
ROTE,DS,3,Dathomir,3,2,1,Sith Eternal Emperor,SITHPALPATINE
ROTE,DS,3,Dathomir,3,2,2,TIE/IN Interceptor Prototype,TIEINTERCEPTOR
ROTE,DS,3,Dathomir,3,2,3,Scythe,SCYTHE
ROTE,DS,3,Dathomir,3,2,4,Wat Tambor,WATTAMBOR
ROTE,DS,3,Dathomir,3,2,5,Dark Trooper,DARKTROOPER
ROTE,DS,3,Dathomir,3,1,1,Maul,MAULS7
ROTE,DS,3,Dathomir,3,1,2,Darth Malgus,DARTHMALGUS
ROTE,DS,3,Dathomir,3,1,3,Wat Tambor,WATTAMBOR
ROTE,DS,3,Dathomir,3,1,4,Hyena Bomber,HYENABOMBER
ROTE,DS,3,Dathomir,3,1,5,HK-47,HK47
ROTE,DS,3,Dathomir,2,3,1,Lord Vader,LORDVADER
ROTE,DS,3,Dathomir,2,3,2,Maul,MAULS7
ROTE,DS,3,Dathomir,2,3,3,TIE/IN Interceptor Prototype,TIEINTERCEPTOR
ROTE,DS,3,Dathomir,2,3,4,Imperial Probe Droid,IMPERIALPROBEDROID
ROTE,DS,3,Dathomir,2,3,5,Tusken Raider,TUSKENRAIDER
ROTE,DS,3,Dathomir,2,2,1,Sith Eternal Emperor,SITHPALPATINE
ROTE,DS,3,Dathomir,2,2,2,Scythe,SCYTHE
ROTE,DS,3,Dathomir,2,2,3,"Boba Fett, Scion of Jango",BOBAFETTSCION
ROTE,DS,3,Dathomir,2,2,4,General Grievous,GRIEVOUS
ROTE,DS,3,Dathomir,2,2,5,General Hux,GENERALHUX
ROTE,DS,3,Dathomir,2,1,1,TIE/IN Interceptor Prototype,TIEINTERCEPTOR
ROTE,DS,3,Dathomir,2,1,2,Scythe,SCYTHE
ROTE,DS,3,Dathomir,2,1,3,Wat Tambor,WATTAMBOR
ROTE,DS,3,Dathomir,2,1,4,Talia,TALIA
ROTE,DS,3,Dathomir,2,1,5,Savage Opress,SAVAGEOPRESS
ROTE,DS,3,Dathomir,1,3,1,Lord Vader,LORDVADER
ROTE,DS,3,Dathomir,1,3,2,Maul,MAULS7
ROTE,DS,3,Dathomir,1,3,3,Darth Malgus,DARTHMALGUS
ROTE,DS,3,Dathomir,1,3,4,General Grievous,GRIEVOUS
ROTE,DS,3,Dathomir,1,3,5,Geonosian Spy's Starfighter,GEONOSIANSTARFIGHTER3
ROTE,DS,3,Dathomir,1,2,1,Sith Eternal Emperor,SITHPALPATINE
ROTE,DS,3,Dathomir,1,2,2,Scythe,SCYTHE
ROTE,DS,3,Dathomir,1,2,3,TIE/IN Interceptor Prototype,TIEINTERCEPTOR
ROTE,DS,3,Dathomir,1,2,4,Darth Traya,DARTHTRAYA
ROTE,DS,3,Dathomir,1,2,5,Dengar,DENGAR
ROTE,DS,3,Dathomir,1,1,1,TIE/IN Interceptor Prototype,TIEINTERCEPTOR
ROTE,DS,3,Dathomir,1,1,2,Darth Malgus,DARTHMALGUS
ROTE,DS,3,Dathomir,1,1,3,General Grievous,GRIEVOUS
ROTE,DS,3,Dathomir,1,1,4,First Order SF TIE Fighter,TIEFIGHTERFOSF
ROTE,DS,3,Dathomir,1,1,5,Darth Maul,MAUL
ROTE,DS,4,Haven-class Medical Station,6,3,1,Supreme Leader Kylo Ren,SUPREMELEADERKYLOREN
ROTE,DS,4,Haven-class Medical Station,6,3,2,TIE/IN Interceptor Prototype,TIEINTERCEPTOR
ROTE,DS,4,Haven-class Medical Station,6,3,3,First Order TIE Pilot,FIRSTORDERTIEPILOT
ROTE,DS,4,Haven-class Medical Station,6,3,4,Dathcha,DATHCHA
ROTE,DS,4,Haven-class Medical Station,6,3,5,"Boba Fett, Scion of Jango",BOBAFETTSCION
ROTE,DS,4,Haven-class Medical Station,6,2,1,Lord Vader,LORDVADER
ROTE,DS,4,Haven-class Medical Station,6,2,2,Scythe,SCYTHE
ROTE,DS,4,Haven-class Medical Station,6,2,3,B2 Super Battle Droid,B2SUPERBATTLEDROID
ROTE,DS,4,Haven-class Medical Station,6,2,4,Malevolence,CAPITALMALEVOLENCE
ROTE,DS,4,Haven-class Medical Station,6,2,5,Emperor's Shuttle,EMPERORSSHUTTLE
ROTE,DS,4,Haven-class Medical Station,6,1,1,Executor,CAPITALEXECUTOR
ROTE,DS,4,Haven-class Medical Station,6,1,2,TIE/IN Interceptor Prototype,TIEINTERCEPTOR
ROTE,DS,4,Haven-class Medical Station,6,1,3,Hondo Ohnaka,HONDO
ROTE,DS,4,Haven-class Medical Station,6,1,4,Emperor's Shuttle,EMPERORSSHUTTLE
ROTE,DS,4,Haven-class Medical Station,6,1,5,TIE Fighter Pilot,TIEFIGHTERPILOT
ROTE,DS,4,Haven-class Medical Station,5,3,1,Supreme Leader Kylo Ren,SUPREMELEADERKYLOREN
ROTE,DS,4,Haven-class Medical Station,5,3,2,Maul,MAULS7
ROTE,DS,4,Haven-class Medical Station,5,3,3,Aurra Sing,AURRA_SING
ROTE,DS,4,Haven-class Medical Station,5,3,4,"Mara Jade, The Emperor's Hand",MARAJADE
ROTE,DS,4,Haven-class Medical Station,5,3,5,Scythe,SCYTHE
ROTE,DS,4,Haven-class Medical Station,5,2,1,Sith Eternal Emperor,SITHPALPATINE
ROTE,DS,4,Haven-class Medical Station,5,2,2,TIE/IN Interceptor Prototype,TIEINTERCEPTOR
ROTE,DS,4,Haven-class Medical Station,5,2,3,Seventh Sister,SEVENTHSISTER
ROTE,DS,4,Haven-class Medical Station,5,2,4,General Veers,VEERS
ROTE,DS,4,Haven-class Medical Station,5,2,5,Second Sister,SECONDSISTER
ROTE,DS,4,Haven-class Medical Station,5,1,1,Executor,CAPITALEXECUTOR
ROTE,DS,4,Haven-class Medical Station,5,1,2,Maul,MAULS7
ROTE,DS,4,Haven-class Medical Station,5,1,3,Hyena Bomber,HYENABOMBER
ROTE,DS,4,Haven-class Medical Station,5,1,4,Asajj Ventress,ASAJVENTRESS
ROTE,DS,4,Haven-class Medical Station,5,1,5,Savage Opress,SAVAGEOPRESS
ROTE,DS,4,Haven-class Medical Station,4,3,1,Lord Vader,LORDVADER
ROTE,DS,4,Haven-class Medical Station,4,3,2,"Boba Fett, Scion of Jango",BOBAFETTSCION
ROTE,DS,4,Haven-class Medical Station,4,3,3,Krrsantan,KRRSANTAN
ROTE,DS,4,Haven-class Medical Station,4,3,4,Asajj Ventress,ASAJVENTRESS
ROTE,DS,4,Haven-class Medical Station,4,3,5,TIE/IN Interceptor Prototype,TIEINTERCEPTOR
ROTE,DS,4,Haven-class Medical Station,4,2,1,Lord Vader,LORDVADER
ROTE,DS,4,Haven-class Medical Station,4,2,2,Scythe,SCYTHE
ROTE,DS,4,Haven-class Medical Station,4,2,3,HK-47,HK47
ROTE,DS,4,Haven-class Medical Station,4,2,4,Nightsister Acolyte,NIGHTSISTERACOLYTE
ROTE,DS,4,Haven-class Medical Station,4,2,5,Wampa,WAMPA
ROTE,DS,4,Haven-class Medical Station,4,1,1,Supreme Leader Kylo Ren,SUPREMELEADERKYLOREN
ROTE,DS,4,Haven-class Medical Station,4,1,2,"Boba Fett, Scion of Jango",BOBAFETTSCION
ROTE,DS,4,Haven-class Medical Station,4,1,3,Director Krennic,DIRECTORKRENNIC
ROTE,DS,4,Haven-class Medical Station,4,1,4,Eighth Brother,EIGHTHBROTHER
ROTE,DS,4,Haven-class Medical Station,4,1,5,IG-88,IG88
ROTE,DS,4,Haven-class Medical Station,3,3,1,Executor,CAPITALEXECUTOR
ROTE,DS,4,Haven-class Medical Station,3,3,2,Starkiller,STARKILLER
ROTE,DS,4,Haven-class Medical Station,3,3,3,TIE/IN Interceptor Prototype,TIEINTERCEPTOR
ROTE,DS,4,Haven-class Medical Station,3,3,4,TIE Silencer,TIESILENCER
ROTE,DS,4,Haven-class Medical Station,3,3,5,Snowtrooper,SNOWTROOPER
ROTE,DS,4,Haven-class Medical Station,3,2,1,Lord Vader,LORDVADER
ROTE,DS,4,Haven-class Medical Station,3,2,2,Darth Malak,DARTHMALAK
ROTE,DS,4,Haven-class Medical Station,3,2,3,Darth Malgus,DARTHMALGUS
ROTE,DS,4,Haven-class Medical Station,3,2,4,Nightsister Initiate,NIGHTSISTERINITIATE
ROTE,DS,4,Haven-class Medical Station,3,2,5,Darth Maul,MAUL
ROTE,DS,4,Haven-class Medical Station,3,1,1,Supreme Leader Kylo Ren,SUPREMELEADERKYLOREN
ROTE,DS,4,Haven-class Medical Station,3,1,2,Starkiller,STARKILLER
ROTE,DS,4,Haven-class Medical Station,3,1,3,Darth Malgus,DARTHMALGUS
ROTE,DS,4,Haven-class Medical Station,3,1,4,Dengar,DENGAR
ROTE,DS,4,Haven-class Medical Station,3,1,5,Hyena Bomber,HYENABOMBER
ROTE,DS,4,Haven-class Medical Station,2,3,1,Supreme Leader Kylo Ren,SUPREMELEADERKYLOREN
ROTE,DS,4,Haven-class Medical Station,2,3,2,Starkiller,STARKILLER
ROTE,DS,4,Haven-class Medical Station,2,3,3,"Boba Fett, Scion of Jango",BOBAFETTSCION
ROTE,DS,4,Haven-class Medical Station,2,3,4,Nightsister Zombie,NIGHTSISTERZOMBIE
ROTE,DS,4,Haven-class Medical Station,2,3,5,Aurra Sing,AURRA_SING
ROTE,DS,4,Haven-class Medical Station,2,2,1,Sith Eternal Emperor,SITHPALPATINE
ROTE,DS,4,Haven-class Medical Station,2,2,2,Starkiller,STARKILLER
ROTE,DS,4,Haven-class Medical Station,2,2,3,TIE/IN Interceptor Prototype,TIEINTERCEPTOR
ROTE,DS,4,Haven-class Medical Station,2,2,4,Cad Bane,CADBANE
ROTE,DS,4,Haven-class Medical Station,2,2,5,First Order Stormtrooper,FIRSTORDERTROOPER
ROTE,DS,4,Haven-class Medical Station,2,1,1,Sith Eternal Emperor,SITHPALPATINE
ROTE,DS,4,Haven-class Medical Station,2,1,2,Darth Malak,DARTHMALAK
ROTE,DS,4,Haven-class Medical Station,2,1,3,TIE/IN Interceptor Prototype,TIEINTERCEPTOR
ROTE,DS,4,Haven-class Medical Station,2,1,4,Iden Versio,IDENVERSIOEMPIRE
ROTE,DS,4,Haven-class Medical Station,2,1,5,Snowtrooper,SNOWTROOPER
ROTE,DS,4,Haven-class Medical Station,1,3,1,Executor,CAPITALEXECUTOR
ROTE,DS,4,Haven-class Medical Station,1,3,2,Darth Malak,DARTHMALAK
ROTE,DS,4,Haven-class Medical Station,1,3,3,Scythe,SCYTHE
ROTE,DS,4,Haven-class Medical Station,1,3,4,Embo,EMBO
ROTE,DS,4,Haven-class Medical Station,1,3,5,BT-1,BT1
ROTE,DS,4,Haven-class Medical Station,1,2,1,Lord Vader,LORDVADER
ROTE,DS,4,Haven-class Medical Station,1,2,2,Starkiller,STARKILLER
ROTE,DS,4,Haven-class Medical Station,1,2,3,Maul,MAULS7
ROTE,DS,4,Haven-class Medical Station,1,2,4,Bastila Shan (Fallen),BASTILASHANDARK
ROTE,DS,4,Haven-class Medical Station,1,2,5,Darth Vader,VADER
ROTE,DS,4,Haven-class Medical Station,1,1,1,Sith Eternal Emperor,SITHPALPATINE
ROTE,DS,4,Haven-class Medical Station,1,1,2,Starkiller,STARKILLER
ROTE,DS,4,Haven-class Medical Station,1,1,3,Scythe,SCYTHE
ROTE,DS,4,Haven-class Medical Station,1,1,4,Nightsister Spirit,NIGHTSISTERSPIRIT
ROTE,DS,4,Haven-class Medical Station,1,1,5,Range Trooper,RANGETROOPER
ROTE,DS,5,Malachor,6,3,1,Sith Eternal Emperor,SITHPALPATINE
ROTE,DS,5,Malachor,6,3,2,Maul,MAULS7
ROTE,DS,5,Malachor,6,3,3,Starkiller,STARKILLER
ROTE,DS,5,Malachor,6,3,4,Moff Gideon,MOFFGIDEONS1
ROTE,DS,5,Malachor,6,3,5,IG-88,IG88
ROTE,DS,5,Malachor,6,2,1,Executor,CAPITALEXECUTOR
ROTE,DS,5,Malachor,6,2,2,"Boba Fett, Scion of Jango",BOBAFETTSCION
ROTE,DS,5,Malachor,6,2,3,Darth Malak,DARTHMALAK
ROTE,DS,5,Malachor,6,2,4,Iden Versio,IDENVERSIOEMPIRE
ROTE,DS,5,Malachor,6,2,5,First Order Officer,FIRSTORDEROFFICERMALE
ROTE,DS,5,Malachor,6,1,1,Sith Eternal Emperor,SITHPALPATINE
ROTE,DS,5,Malachor,6,1,2,Maul,MAULS7
ROTE,DS,5,Malachor,6,1,3,Starkiller,STARKILLER
ROTE,DS,5,Malachor,6,1,4,B-28 Extinction-class Bomber,SITHBOMBER
ROTE,DS,5,Malachor,6,1,5,First Order TIE Fighter,TIEFIGHTERFIRSTORDER
ROTE,DS,5,Malachor,5,3,1,Sith Eternal Emperor,SITHPALPATINE
ROTE,DS,5,Malachor,5,3,2,Darth Malgus,DARTHMALGUS
ROTE,DS,5,Malachor,5,3,3,Starkiller,STARKILLER
ROTE,DS,5,Malachor,5,3,4,Kylo Ren (Unmasked),KYLORENUNMASKED
ROTE,DS,5,Malachor,5,3,5,IG-2000,IG2000
ROTE,DS,5,Malachor,5,2,1,Supreme Leader Kylo Ren,SUPREMELEADERKYLOREN
ROTE,DS,5,Malachor,5,2,2,"Boba Fett, Scion of Jango",BOBAFETTSCION
ROTE,DS,5,Malachor,5,2,3,Starkiller,STARKILLER
ROTE,DS,5,Malachor,5,2,4,Colonel Starck,COLONELSTARCK
ROTE,DS,5,Malachor,5,2,5,IG-88,IG88
ROTE,DS,5,Malachor,5,1,1,Executor,CAPITALEXECUTOR
ROTE,DS,5,Malachor,5,1,2,Scythe,SCYTHE
ROTE,DS,5,Malachor,5,1,3,Grand Inquisitor,GRANDINQUISITOR
ROTE,DS,5,Malachor,5,1,4,Magmatrooper,MAGMATROOPER
ROTE,DS,5,Malachor,5,1,5,Sith Empire Trooper,SITHTROOPER
ROTE,DS,5,Malachor,4,3,1,Supreme Leader Kylo Ren,SUPREMELEADERKYLOREN
ROTE,DS,5,Malachor,4,3,2,"Boba Fett, Scion of Jango",BOBAFETTSCION
ROTE,DS,5,Malachor,4,3,3,Darth Malak,DARTHMALAK
ROTE,DS,5,Malachor,4,3,4,Geonosian Soldier,GEONOSIANSOLDIER
ROTE,DS,5,Malachor,4,3,5,Geonosian Soldier's Starfighter,GEONOSIANSTARFIGHTER2
ROTE,DS,5,Malachor,4,2,1,Sith Eternal Emperor,SITHPALPATINE
ROTE,DS,5,Malachor,4,2,2,Darth Malgus,DARTHMALGUS
ROTE,DS,5,Malachor,4,2,3,Starkiller,STARKILLER
ROTE,DS,5,Malachor,4,2,4,Executrix,CAPITALSTARDESTROYER
ROTE,DS,5,Malachor,4,2,5,Count Dooku,COUNTDOOKU
ROTE,DS,5,Malachor,4,1,1,Sith Eternal Emperor,SITHPALPATINE
ROTE,DS,5,Malachor,4,1,2,"Boba Fett, Scion of Jango",BOBAFETTSCION
ROTE,DS,5,Malachor,4,1,3,Starkiller,STARKILLER
ROTE,DS,5,Malachor,4,1,4,Snowtrooper,SNOWTROOPER
ROTE,DS,5,Malachor,4,1,5,Hyena Bomber,HYENABOMBER
ROTE,DS,5,Malachor,3,3,1,Lord Vader,LORDVADER
ROTE,DS,5,Malachor,3,3,2,Scythe,SCYTHE
ROTE,DS,5,Malachor,3,3,3,Darth Malak,DARTHMALAK
ROTE,DS,5,Malachor,3,3,4,Jango Fett,JANGOFETT
ROTE,DS,5,Malachor,3,3,5,Maul,MAULS7
ROTE,DS,5,Malachor,3,2,1,Lord Vader,LORDVADER
ROTE,DS,5,Malachor,3,2,2,Scythe,SCYTHE
ROTE,DS,5,Malachor,3,2,3,Starkiller,STARKILLER
ROTE,DS,5,Malachor,3,2,4,Gauntlet Starfighter,GAUNTLETSTARFIGHTER
ROTE,DS,5,Malachor,3,2,5,IG-88,IG88
ROTE,DS,5,Malachor,3,1,1,Executor,CAPITALEXECUTOR
ROTE,DS,5,Malachor,3,1,2,"Boba Fett, Scion of Jango",BOBAFETTSCION
ROTE,DS,5,Malachor,3,1,3,Darth Malak,DARTHMALAK
ROTE,DS,5,Malachor,3,1,4,First Order TIE Pilot,FIRSTORDERTIEPILOT
ROTE,DS,5,Malachor,3,1,5,Wampa,WAMPA
ROTE,DS,5,Malachor,2,3,1,Lord Vader,LORDVADER
ROTE,DS,5,Malachor,2,3,2,"Boba Fett, Scion of Jango",BOBAFETTSCION
ROTE,DS,5,Malachor,2,3,3,Grand Inquisitor,GRANDINQUISITOR
ROTE,DS,5,Malachor,2,3,4,Kylo Ren,KYLOREN
ROTE,DS,5,Malachor,2,3,5,Scythe,SCYTHE
ROTE,DS,5,Malachor,2,2,1,Supreme Leader Kylo Ren,SUPREMELEADERKYLOREN
ROTE,DS,5,Malachor,2,2,2,Darth Malgus,DARTHMALGUS
ROTE,DS,5,Malachor,2,2,3,Starkiller,STARKILLER
ROTE,DS,5,Malachor,2,2,4,First Order SF TIE Pilot,FIRSTORDERSPECIALFORCESPILOT
ROTE,DS,5,Malachor,2,2,5,Tusken Shaman,TUSKENSHAMAN
ROTE,DS,5,Malachor,2,1,1,Lord Vader,LORDVADER
ROTE,DS,5,Malachor,2,1,2,Scythe,SCYTHE
ROTE,DS,5,Malachor,2,1,3,Darth Malak,DARTHMALAK
ROTE,DS,5,Malachor,2,1,4,Nightsister Zombie,NIGHTSISTERZOMBIE
ROTE,DS,5,Malachor,2,1,5,Talia,TALIA
ROTE,DS,5,Malachor,1,3,1,Executor,CAPITALEXECUTOR
ROTE,DS,5,Malachor,1,3,2,"Boba Fett, Scion of Jango",BOBAFETTSCION
ROTE,DS,5,Malachor,1,3,3,Grand Inquisitor,GRANDINQUISITOR
ROTE,DS,5,Malachor,1,3,4,First Order SF TIE Pilot,FIRSTORDERSPECIALFORCESPILOT
ROTE,DS,5,Malachor,1,3,5,Darth Malgus,DARTHMALGUS
ROTE,DS,5,Malachor,1,2,1,Executor,CAPITALEXECUTOR
ROTE,DS,5,Malachor,1,2,2,Scythe,SCYTHE
ROTE,DS,5,Malachor,1,2,3,Starkiller,STARKILLER
ROTE,DS,5,Malachor,1,2,4,Sith Empire Trooper,SITHTROOPER
ROTE,DS,5,Malachor,1,2,5,Sith Assassin,SITHASSASSIN
ROTE,DS,5,Malachor,1,1,1,Sith Eternal Emperor,SITHPALPATINE
ROTE,DS,5,Malachor,1,1,2,Darth Malgus,DARTHMALGUS
ROTE,DS,5,Malachor,1,1,3,Darth Malak,DARTHMALAK
ROTE,DS,5,Malachor,1,1,4,Boba Fett,BOBAFETT
ROTE,DS,5,Malachor,1,1,5,Vulture Droid,VULTUREDROID
ROTE,DS,6,Death Star,6,3,1,Supreme Leader Kylo Ren,SUPREMELEADERKYLOREN
ROTE,DS,6,Death Star,6,3,2,Darth Malgus,DARTHMALGUS
ROTE,DS,6,Death Star,6,3,3,Hyena Bomber,HYENABOMBER
ROTE,DS,6,Death Star,6,3,4,IG-86 Sentinel Droid,IG86SENTINELDROID
ROTE,DS,6,Death Star,6,3,5,IG-88,IG88
ROTE,DS,6,Death Star,6,2,1,Executor,CAPITALEXECUTOR
ROTE,DS,6,Death Star,6,2,2,Scythe,SCYTHE
ROTE,DS,6,Death Star,6,2,3,Geonosian Brood Alpha,GEONOSIANBROODALPHA
ROTE,DS,6,Death Star,6,2,4,Zam Wesell,ZAMWESELL
ROTE,DS,6,Death Star,6,2,5,Kylo Ren (Unmasked),KYLORENUNMASKED
ROTE,DS,6,Death Star,6,1,1,Lord Vader,LORDVADER
ROTE,DS,6,Death Star,6,1,2,Maul,MAULS7
ROTE,DS,6,Death Star,6,1,3,Jawa Scavenger,JAWASCAVENGER
ROTE,DS,6,Death Star,6,1,4,B2 Super Battle Droid,B2SUPERBATTLEDROID
ROTE,DS,6,Death Star,6,1,5,Hondo Ohnaka,HONDO
ROTE,DS,6,Death Star,5,3,1,Lord Vader,LORDVADER
ROTE,DS,6,Death Star,5,3,2,"Boba Fett, Scion of Jango",BOBAFETTSCION
ROTE,DS,6,Death Star,5,3,3,Grand Moff Tarkin,GRANDMOFFTARKIN
ROTE,DS,6,Death Star,5,3,4,Emperor's Shuttle,EMPERORSSHUTTLE
ROTE,DS,6,Death Star,5,3,5,Nightsister Acolyte,NIGHTSISTERACOLYTE
ROTE,DS,6,Death Star,5,2,1,Supreme Leader Kylo Ren,SUPREMELEADERKYLOREN
ROTE,DS,6,Death Star,5,2,2,Darth Malgus,DARTHMALGUS
ROTE,DS,6,Death Star,5,2,3,Fifth Brother,FIFTHBROTHER
ROTE,DS,6,Death Star,5,2,4,Geonosian Spy,GEONOSIANSPY
ROTE,DS,6,Death Star,5,2,5,HK-47,HK47
ROTE,DS,6,Death Star,5,1,1,Executor,CAPITALEXECUTOR
ROTE,DS,6,Death Star,5,1,2,"Boba Fett, Scion of Jango",BOBAFETTSCION
ROTE,DS,6,Death Star,5,1,3,Tusken Raider,TUSKENRAIDER
ROTE,DS,6,Death Star,5,1,4,Sith Trooper,FOSITHTROOPER
ROTE,DS,6,Death Star,5,1,5,Geonosian Soldier,GEONOSIANSOLDIER
ROTE,DS,6,Death Star,4,3,1,Lord Vader,LORDVADER
ROTE,DS,6,Death Star,4,3,2,Darth Malgus,DARTHMALGUS
ROTE,DS,6,Death Star,4,3,3,Geonosian Brood Alpha,GEONOSIANBROODALPHA
ROTE,DS,6,Death Star,4,3,4,IG-100 MagnaGuard,MAGNAGUARD
ROTE,DS,6,Death Star,4,3,5,Asajj Ventress,ASAJVENTRESS
ROTE,DS,6,Death Star,4,2,1,Sith Eternal Emperor,SITHPALPATINE
ROTE,DS,6,Death Star,4,2,2,"Boba Fett, Scion of Jango",BOBAFETTSCION
ROTE,DS,6,Death Star,4,2,3,Count Dooku,COUNTDOOKU
ROTE,DS,6,Death Star,4,2,4,Shoretrooper,SHORETROOPER
ROTE,DS,6,Death Star,4,2,5,Range Trooper,RANGETROOPER
ROTE,DS,6,Death Star,4,1,1,Lord Vader,LORDVADER
ROTE,DS,6,Death Star,4,1,2,Scythe,SCYTHE
ROTE,DS,6,Death Star,4,1,3,General Hux,GENERALHUX
ROTE,DS,6,Death Star,4,1,4,Jawa,JAWA
ROTE,DS,6,Death Star,4,1,5,Darth Maul,MAUL
ROTE,DS,6,Death Star,3,3,1,Lord Vader,LORDVADER
ROTE,DS,6,Death Star,3,3,2,"Boba Fett, Scion of Jango",BOBAFETTSCION
ROTE,DS,6,Death Star,3,3,3,Darth Talon,DARTHTALON
ROTE,DS,6,Death Star,3,3,4,"Mara Jade, The Emperor's Hand",MARAJADE
ROTE,DS,6,Death Star,3,3,5,Hound's Tooth,HOUNDSTOOTH
ROTE,DS,6,Death Star,3,2,1,Supreme Leader Kylo Ren,SUPREMELEADERKYLOREN
ROTE,DS,6,Death Star,3,2,2,Maul,MAULS7
ROTE,DS,6,Death Star,3,2,3,Hyena Bomber,HYENABOMBER
ROTE,DS,6,Death Star,3,2,4,Jawa Engineer,JAWAENGINEER
ROTE,DS,6,Death Star,3,2,5,URoRRuR'R'R,URORRURRR
ROTE,DS,6,Death Star,3,1,1,Executor,CAPITALEXECUTOR
ROTE,DS,6,Death Star,3,1,2,Darth Malgus,DARTHMALGUS
ROTE,DS,6,Death Star,3,1,3,IG-88,IG88
ROTE,DS,6,Death Star,3,1,4,Malevolence,CAPITALMALEVOLENCE
ROTE,DS,6,Death Star,3,1,5,Hondo Ohnaka,HONDO
ROTE,DS,6,Death Star,2,3,1,Executor,CAPITALEXECUTOR
ROTE,DS,6,Death Star,2,3,2,Maul,MAULS7
ROTE,DS,6,Death Star,2,3,3,Ugnaught,UGNAUGHT
ROTE,DS,6,Death Star,2,3,4,Royal Guard,ROYALGUARD
ROTE,DS,6,Death Star,2,3,5,Count Dooku,COUNTDOOKU
ROTE,DS,6,Death Star,2,2,1,Lord Vader,LORDVADER
ROTE,DS,6,Death Star,2,2,2,"Boba Fett, Scion of Jango",BOBAFETTSCION
ROTE,DS,6,Death Star,2,2,3,Imperial Super Commando,IMPERIALSUPERCOMMANDO
ROTE,DS,6,Death Star,2,2,4,Malevolence,CAPITALMALEVOLENCE
ROTE,DS,6,Death Star,2,2,5,Krrsantan,KRRSANTAN
ROTE,DS,6,Death Star,2,1,1,Executor,CAPITALEXECUTOR
ROTE,DS,6,Death Star,2,1,2,Scythe,SCYTHE
ROTE,DS,6,Death Star,2,1,3,Nightsister Spirit,NIGHTSISTERSPIRIT
ROTE,DS,6,Death Star,2,1,4,B1 Battle Droid,B1BATTLEDROIDV2
ROTE,DS,6,Death Star,2,1,5,Emperor's Shuttle,EMPERORSSHUTTLE
ROTE,DS,6,Death Star,1,3,1,Lord Vader,LORDVADER
ROTE,DS,6,Death Star,1,3,2,Maul,MAULS7
ROTE,DS,6,Death Star,1,3,3,Hyena Bomber,HYENABOMBER
ROTE,DS,6,Death Star,1,3,4,Ninth Sister,NINTHSISTER
ROTE,DS,6,Death Star,1,3,5,Geonosian Spy's Starfighter,GEONOSIANSTARFIGHTER3
ROTE,DS,6,Death Star,1,2,1,Supreme Leader Kylo Ren,SUPREMELEADERKYLOREN
ROTE,DS,6,Death Star,1,2,2,"Boba Fett, Scion of Jango",BOBAFETTSCION
ROTE,DS,6,Death Star,1,2,3,Executrix,CAPITALSTARDESTROYER
ROTE,DS,6,Death Star,1,2,4,Nightsister Acolyte,NIGHTSISTERACOLYTE
ROTE,DS,6,Death Star,1,2,5,Imperial Super Commando,IMPERIALSUPERCOMMANDO
ROTE,DS,6,Death Star,1,1,1,Sith Eternal Emperor,SITHPALPATINE
ROTE,DS,6,Death Star,1,1,2,Maul,MAULS7
ROTE,DS,6,Death Star,1,1,3,Hondo Ohnaka,HONDO
ROTE,DS,6,Death Star,1,1,4,Savage Opress,SAVAGEOPRESS
ROTE,DS,6,Death Star,1,1,5,Ugnaught,UGNAUGHT
